Encoding,Horizon,Problem, counter wrac1_y_wrbc1, counter wrbc1_b_wrcc1, counter wrcc1_x_wrdc1, counter wrdc1_b_wrec1, counter wrec1_y_wrfc1,Total
clingcon,600 (46),./Instancesv2_round/sippv2/fixlen4/30morn/p03[count=350],70.41480034589767,58.175997495651245,67.6567992568016,,,196.247597098350515
clingcon,600 (46),./Instancesv2_round/sippv2/fixlen4/30morn/p04[count=350],70.41480034589767,58.175997495651245,67.6567992568016,62.83199805021286,,259.079595148563375
clingcon,600 (46),./Instancesv2_round/sippv2/fixlen4/30morn/p05[count=350],70.41480034589767,58.175997495651245,67.6567992568016,62.83199805021286,61.682000041007996,320.761595189571371
clingcon,600 (46),./Instancesv2_round/sippv2/fixlen4/30morn/p02[count=350],70.41480034589767,58.175997495651245,,,,128.590797841548915
clingcon,600 (46),./Instancesv2_round/sippv2/fixlen4/30morn/p01[count=350],70.41480034589767,,,,,70.41480034589767
clingcon,600 (46),./Instancesv2_round/sippv2/fixlen4/26morn/p04[count=350],161.52980133891106,129.59999442100525,123.40499857068062,117.76099634170532,,532.29579067230225
clingcon,600 (46),./Instancesv2_round/sippv2/fixlen4/26morn/p05[count=350],161.52980133891106,129.59999442100525,123.40499857068062,117.76099634170532,127.01199996471405,659.30779063701630
clingcon,600 (46),./Instancesv2_round/sippv2/fixlen4/muse/p03[count=350],171.71499580144882,117.85499542951584,139.7140012383461,,,429.28399246931076
clingcon,600 (46),./Instancesv2_round/sippv2/fixlen4/muse/p04[count=350],171.71499580144882,117.85499542951584,139.7140012383461,249.41699302196503,,678.70098549127579
clingcon,600 (46),./Instancesv2_round/sippv2/fixlen4/muse/p02[count=350],171.71499580144882,117.85499542951584,,,,289.56999123096466
clingcon,600 (46),./Instancesv2_round/sippv2/fixlen4/muse/p01[count=350],171.71499580144882,,,,,171.71499580144882
clingcon,600 (46),./Instancesv2_round/sippv2/fixlen4/26eve/p03[count=350],193.80900117754936,120.38399481773376,123.90919852256775,,,438.10219451785087
clingcon,600 (46),./Instancesv2_round/sippv2/fixlen4/26eve/p04[count=350],193.80900117754936,120.38399481773376,123.90919852256775,133.57699584960938,,571.67919036746025
clingcon,600 (46),./Instancesv2_round/sippv2/fixlen4/26eve/p02[count=350],193.80900117754936,120.38399481773376,,,,314.19299599528312
clingcon,600 (46),./Instancesv2_round/sippv2/fixlen4/26noon/p05[count=350],198.42280089855194,124.41599464416504,123.5311986207962,127.1109960526228,147.01999962329865,720.50098983943463
clingcon,600 (46),./Instancesv2_round/sippv2/fixlen4/26noon/p02[count=350],199.77300092577934,122.68799471855164,,,,322.46099564433098
clingcon,600 (46),./Instancesv2_round/sippv2/fixlen4/30eve/p03[count=350],139.73920154571533,121.5359947681427,119.92099872231483,,,381.19619503617286
clingcon,600 (46),./Instancesv2_round/sippv2/fixlen4/30eve/p02[count=350],140.80120158195496,122.68799471855164,,,,263.48919630050660
clingcon,660 (47),./Instancesv2_round/sippv2/fixlen4/30morn/p03[count=350],77.35580030083656,61.63199734687805,71.4733991920948,,,210.46119683980941
clingcon,660 (47),./Instancesv2_round/sippv2/fixlen4/30morn/p04[count=350],77.35580030083656,61.63199734687805,71.4733991920948,67.44499790668488,,277.90619474649429
clingcon,660 (47),./Instancesv2_round/sippv2/fixlen4/30morn/p05[count=350],77.35580030083656,61.63199734687805,71.4733991920948,67.44499790668488,70.74600005149841,348.65219479799270
clingcon,660 (47),./Instancesv2_round/sippv2/fixlen4/30morn/p02[count=350],77.35580030083656,61.63199734687805,,,,138.98779764771461
clingcon,660 (47),./Instancesv2_round/sippv2/fixlen4/30morn/p01[count=350],77.35580030083656,,,,,77.35580030083656
clingcon,660 (47),./Instancesv2_round/sippv2/fixlen4/26morn/p04[count=350],179.246801674366,138.23999404907227,134.95799839496613,134.23599582910538,,586.68078994750978
clingcon,660 (47),./Instancesv2_round/sippv2/fixlen4/26morn/p05[count=350],179.246801674366,138.23999404907227,134.95799839496613,134.23599582910538,143.49199998378754,730.17278993129732
clingcon,660 (47),./Instancesv2_round/sippv2/fixlen4/26morn/p02[count=350],179.246801674366,138.23999404907227,,,,317.48679572343827
clingcon,660 (47),./Instancesv2_round/sippv2/fixlen4/26morn/p01[count=350],179.246801674366,,,,,179.246801674366
clingcon,660 (47),./Instancesv2_round/sippv2/fixlen4/muse/p03[count=350],191.4769952595234,122.75899523496628,150.93500125408173,,,465.17099174857141
clingcon,660 (47),./Instancesv2_round/sippv2/fixlen4/muse/p04[count=350],191.4769952595234,122.75899523496628,150.93500125408173,270.2659924030304,,735.43698415160181
clingcon,660 (47),./Instancesv2_round/sippv2/fixlen4/muse/p02[count=350],191.4769952595234,122.75899523496628,,,,314.23599049448968
clingcon,660 (47),./Instancesv2_round/sippv2/fixlen4/muse/p01[count=350],191.4769952595234,,,,,191.4769952595234
clingcon,660 (47),./Instancesv2_round/sippv2/fixlen4/26eve/p03[count=350],202.80680125951767,126.71999454498291,138.59119832515717,,,468.11799412965775
clingcon,660 (47),./Instancesv2_round/sippv2/fixlen4/26eve/p04[count=350],202.80680125951767,126.71999454498291,138.59119832515717,135.30099579691887,,603.41898992657662
clingcon,660 (47),./Instancesv2_round/sippv2/fixlen4/26noon/p01[count=350],212.998201161623,,,,,212.998201161623
clingcon,660 (47),./Instancesv2_round/sippv2/fixlen4/30noon/p01[count=350],212.70840084552765,,,,,212.70840084552765
clingcon,660 (47),./Instancesv2_round/sippv2/fixlen4/30eve/p03[count=350],154.5678018629551,132.4799942970276,132.59739860892296,,,419.64519476890566
clingcon,660 (47),./Instancesv2_round/sippv2/fixlen4/30eve/p04[count=350],154.5678018629551,131.32799434661865,132.59739860892296,129.39899598062038,,547.89219079911709
clingcon,660 (47),./Instancesv2_round/sippv2/fixlen4/30eve/p05[count=350],154.5678018629551,131.32799434661865,132.59739860892296,129.39899598062038,146.31499975919724,694.20719055831433
clingcon,660 (47),./Instancesv2_round/sippv2/fixlen4/30eve/p01[count=350],154.5678018629551,,,,,154.5678018629551
clingcon,720 (39),./Instancesv2_round/sippv2/fixlen4/30morn/p03[count=350],81.88260033726692,66.81599712371826,79.5995991230011,,,228.29819658398628
clingcon,720 (39),./Instancesv2_round/sippv2/fixlen4/30morn/p04[count=350],81.88260033726692,66.81599712371826,79.5995991230011,75.15799766778946,,303.45619425177574
clingcon,720 (39),./Instancesv2_round/sippv2/fixlen4/30morn/p05[count=350],81.88260033726692,66.81599712371826,79.5995991230011,75.15799766778946,78.51500004529953,381.97119429707527
clingcon,720 (39),./Instancesv2_round/sippv2/fixlen4/30morn/p02[count=350],81.88260033726692,66.81599712371826,,,,148.69859746098518
clingcon,720 (39),./Instancesv2_round/sippv2/fixlen4/26morn/p04[count=350],188.70820155739784,151.48799347877502,150.0527982711792,143.8679955303669,,634.11698883771896
clingcon,720 (39),./Instancesv2_round/sippv2/fixlen4/26morn/p05[count=350],188.70820155739784,151.48799347877502,150.0527982711792,143.8679955303669,153.26199996471405,787.37898880243301
clingcon,720 (39),./Instancesv2_round/sippv2/fixlen4/26morn/p02[count=350],188.70820155739784,151.48799347877502,,,,340.19619503617286
clingcon,720 (39),./Instancesv2_round/sippv2/fixlen4/26morn/p01[count=350],189.36420157551765,,,,,189.36420157551765
clingcon,720 (39),./Instancesv2_round/sippv2/fixlen4/muse/p03[count=350],203.10199496150017,138.3589946627617,167.74700152873993,,,509.20799115300180
clingcon,720 (39),./Instancesv2_round/sippv2/fixlen4/muse/p04[count=350],203.10199496150017,138.3589946627617,167.74700152873993,294.5999917984009,,803.80798295140270
clingcon,720 (39),./Instancesv2_round/sippv2/fixlen4/muse/p05[count=350],203.10199496150017,138.3589946627617,167.74700152873993,294.5999917984009,332.4189997315407,1136.22698268294340
clingcon,720 (39),./Instancesv2_round/sippv2/fixlen4/muse/p02[count=350],203.10199496150017,138.3589946627617,,,,341.46098962426187
clingcon,720 (39),./Instancesv2_round/sippv2/fixlen4/muse/p01[count=350],203.10199496150017,,,,,203.10199496150017
clingcon,720 (39),./Instancesv2_round/sippv2/fixlen4/26eve/p03[count=350],221.2180016040802,141.69599390029907,147.11839818954468,,,510.03239369392395
clingcon,720 (39),./Instancesv2_round/sippv2/fixlen4/26eve/p04[count=350],221.2180016040802,141.69599390029907,147.11839818954468,151.11699530482292,,661.14938899874687
clingcon,720 (39),./Instancesv2_round/sippv2/fixlen4/26eve/p02[count=350],221.2180016040802,141.69599390029907,,,,362.91399550437927
clingcon,720 (39),./Instancesv2_round/sippv2/fixlen4/30noon/p01[count=350],224.28880095481873,,,,,224.28880095481873
clingcon,720 (39),./Instancesv2_round/sippv2/fixlen4/30eve/p05[count=350],161.83500173687935,139.96799397468567,146.77519845962524,145.38899548351765,159.7339997291565,753.70118938386441
clingcon,720 (39),./Instancesv2_round/sippv2/fixlen4/30eve/p02[count=350],161.83500173687935,139.96799397468567,,,,301.80299571156502
clingcon,720 (39),./Instancesv2_round/sippv2/fixlen4/30eve/p01[count=350],161.83500173687935,,,,,161.83500173687935
clingcon,780 (31),./Instancesv2_round/sippv2/fixlen4/30morn/p03[count=350],90.20080041885376,74.30399680137634,83.6797990500927,,,248.18459627032280
clingcon,780 (31),./Instancesv2_round/sippv2/fixlen4/30morn/p04[count=350],90.20080041885376,74.30399680137634,83.6797990500927,77.42499759793282,,325.60959386825562
clingcon,780 (31),./Instancesv2_round/sippv2/fixlen4/30morn/p05[count=350],90.20080041885376,74.30399680137634,83.6797990500927,77.42499759793282,80.98700004816055,406.59659391641617
clingcon,780 (31),./Instancesv2_round/sippv2/fixlen4/30morn/p02[count=350],90.20080041885376,74.30399680137634,,,,164.50479722023010
clingcon,780 (31),./Instancesv2_round/sippv2/fixlen4/30morn/p01[count=350],90.20080041885376,,,,,90.20080041885376
clingcon,780 (31),./Instancesv2_round/sippv2/fixlen4/26morn/p05[count=350],206.85980173945427,156.09599328041077,163.39379808306694,151.20399530231953,161.85499995946884,839.40858836472035
clingcon,780 (31),./Instancesv2_round/sippv2/fixlen4/26morn/p02[count=350],206.85980173945427,156.09599328041077,,,,362.95579501986504
clingcon,780 (31),./Instancesv2_round/sippv2/fixlen4/muse/p02[count=350],213.64899465441704,144.652994453907,,,,358.30198910832404
clingcon,780 (31),./Instancesv2_round/sippv2/fixlen4/muse/p01[count=350],213.64899465441704,,,,,213.64899465441704
clingcon,780 (31),./Instancesv2_round/sippv2/fixlen4/26eve/p03[count=350],233.71880167722702,152.0639934539795,161.13579806685448,,,546.91859319806100
clingcon,780 (31),./Instancesv2_round/sippv2/fixlen4/26eve/p05[count=350],233.71880167722702,152.0639934539795,161.13579806685448,160.74899500608444,199.63799965381622,907.30558785796166
clingcon,780 (31),./Instancesv2_round/sippv2/fixlen4/26eve/p02[count=350],233.71880167722702,152.0639934539795,,,,385.78279513120652
clingcon,780 (31),./Instancesv2_round/sippv2/fixlen4/26eve/p01[count=350],233.71880167722702,,,,,233.71880167722702
clingcon,780 (31),./Instancesv2_round/sippv2/fixlen4/30noon/p01[count=350],242.19860103726387,,,,,242.19860103726387
clingcon,780 (31),./Instancesv2_round/sippv2/fixlen4/30eve/p03[count=350],177.7574019730091,152.63999342918396,153.25079834461212,,,483.64819374680518
clingcon,840 (31),./Instancesv2_round/sippv2/fixlen4/30morn/p05[count=350],97.39180037379265,78.33599662780762,92.43639898300171,86.16599732637405,90.05100005865097,444.38119336962700
clingcon,840 (31),./Instancesv2_round/sippv2/fixlen4/30morn/p01[count=350],97.39180037379265,,,,,97.39180037379265
clingcon,840 (31),./Instancesv2_round/sippv2/fixlen4/26morn/p04[count=350],224.53860208392143,169.34399271011353,173.34219792485237,166.708994820714,,733.93378753960133
clingcon,840 (31),./Instancesv2_round/sippv2/fixlen4/26morn/p05[count=350],224.53860208392143,169.34399271011353,173.34219792485237,166.708994820714,177.8639999628067,911.79778750240803
clingcon,840 (31),./Instancesv2_round/sippv2/fixlen4/26morn/p02[count=350],224.53860208392143,169.34399271011353,,,,393.88259479403496
clingcon,840 (31),./Instancesv2_round/sippv2/fixlen4/muse/p03[count=350],232.06699416041374,157.63699394464493,196.25800168514252,,,585.96198979020119
clingcon,840 (31),./Instancesv2_round/sippv2/fixlen4/muse/p04[count=350],232.06699416041374,157.63699394464493,196.25800168514252,323.36299097537994,,909.32498076558113
clingcon,840 (31),./Instancesv2_round/sippv2/fixlen4/muse/p02[count=350],232.06699416041374,157.63699394464493,,,,389.70398810505867
clingcon,840 (31),./Instancesv2_round/sippv2/fixlen4/muse/p01[count=350],232.06699416041374,,,,,232.06699416041374
clingcon,840 (31),./Instancesv2_round/sippv2/fixlen4/26eve/p03[count=350],249.96140184998512,161.27999305725098,172.1385978758335,,,583.37999278306960
clingcon,840 (31),./Instancesv2_round/sippv2/fixlen4/26eve/p02[count=350],249.96140184998512,161.27999305725098,,,,411.24139490723610
clingcon,840 (31),./Instancesv2_round/sippv2/fixlen4/30noon/p01[count=350],254.6486009657383,,,,,254.6486009657383
clingcon,840 (31),./Instancesv2_round/sippv2/fixlen4/30eve/p01[count=350],193.37420228123665,,,,,193.37420228123665
clingcon,900 (27),./Instancesv2_round/sippv2/fixlen4/30morn/p03[count=350],102.07460042834282,83.51999640464783,98.93499889969826,,,284.52959573268891
clingcon,900 (27),./Instancesv2_round/sippv2/fixlen4/30morn/p04[count=350],102.07460042834282,83.51999640464783,98.93499889969826,91.90199714899063,,376.43159288167954
clingcon,900 (27),./Instancesv2_round/sippv2/fixlen4/30morn/p05[count=350],102.07460042834282,83.51999640464783,98.93499889969826,91.90199714899063,95.81900006532669,472.25059294700623
clingcon,900 (27),./Instancesv2_round/sippv2/fixlen4/30morn/p02[count=350],102.07460042834282,83.51999640464783,,,,185.59459683299065
clingcon,900 (27),./Instancesv2_round/sippv2/fixlen4/26morn/p05[count=350],233.5144019126892,179.13599228858948,187.80659779906273,170.43899470567703,180.68899995088577,951.58498665690421
clingcon,900 (27),./Instancesv2_round/sippv2/fixlen4/muse/p02[count=350],242.93199387192726,167.1069936156273,,,,410.03898748755456
clingcon,900 (27),./Instancesv2_round/sippv2/fixlen4/muse/p01[count=350],242.93199387192726,,,,,242.93199387192726
clingcon,900 (27),./Instancesv2_round/sippv2/fixlen4/26eve/p02[count=350],267.11320209503174,175.1039924621582,,,,442.21719455718994
clingcon,900 (27),./Instancesv2_round/sippv2/fixlen4/30noon/p01[count=350],268.0792011022568,,,,,268.0792011022568
clingcon,900 (27),./Instancesv2_round/sippv2/fixlen4/30eve/p04[count=350],200.6414021551609,171.07199263572693,176.97599810361862,170.64199469983578,,719.33138759434223
clingcon,900 (27),./Instancesv2_round/sippv2/fixlen4/30eve/p01[count=350],200.6414021551609,,,,,200.6414021551609
clingcon,600 (46),./Instancesv2/sippv2/fixlen4/30morn/p03[count=350],70.70300033688545,58.175997495651245,63.89739927649498,,,192.776397109031675
clingcon,600 (46),./Instancesv2/sippv2/fixlen4/30morn/p04[count=350],70.70300033688545,57.02399754524231,64.34439927339554,63.06399804353714,,255.13539519906044
clingcon,600 (46),./Instancesv2/sippv2/fixlen4/30morn/p05[count=350],71.70300033688545,58.75199747085571,63.89739927649498,60.82599811255932,60.03400003910065,315.21239523589611
clingcon,600 (46),./Instancesv2/sippv2/fixlen4/30morn/p01[count=350],71.70300033688545,,,,,71.70300033688545
clingcon,600 (46),./Instancesv2/sippv2/fixlen4/26morn/p04[count=350],162.9978013932705,137.6639940738678,148.4711983203888,136.5609957575798,,585.6939895451069
clingcon,600 (46),./Instancesv2/sippv2/fixlen4/26morn/p05[count=350],162.9978013932705,137.6639940738678,148.4711983203888,136.5609957575798,139.37199997901917,725.06598952412607
clingcon,600 (46),./Instancesv2/sippv2/fixlen4/26morn/p02[count=350],163.157001465559,138.23999404907227,,,,301.39699551463127
clingcon,600 (46),./Instancesv2/sippv2/fixlen4/26morn/p01[count=350],163.157001465559,,,,,163.157001465559
clingcon,600 (46),./Instancesv2/sippv2/fixlen4/muse/p04[count=350],193.93099531531334,143.37899440526962,166.80000168085098,205.6749941110611,,709.78498551249504
clingcon,600 (46),./Instancesv2/sippv2/fixlen4/muse/p02[count=350],192.17099556326866,143.37899440526962,,,,335.54998996853828
clingcon,600 (46),./Instancesv2/sippv2/fixlen4/muse/p01[count=350],194.00899527966976,,,,,194.00899527966976
clingcon,600 (46),./Instancesv2/sippv2/fixlen4/26eve/p03[count=350],219.65300098061562,146.30399370193481,150.25919830799103,,,516.21619299054146
clingcon,600 (46),./Instancesv2/sippv2/fixlen4/26eve/p04[count=350],219.65300098061562,146.30399370193481,150.25919830799103,155.01299518346786,,671.22918817400932
clingcon,600 (46),./Instancesv2/sippv2/fixlen4/26eve/p05[count=350],218.091000944376,146.30399370193481,150.25919830799103,154.9549951851368,190.69299978017807,860.30218791961671
clingcon,600 (46),./Instancesv2/sippv2/fixlen4/26noon/p03[count=350],207.75800079107285,155.5199933052063,150.6147984266281,,,513.89279252290725
clingcon,600 (46),./Instancesv2/sippv2/fixlen4/26noon/p04[count=350],207.91720086336136,152.0639934539795,147.03879845142365,146.56199544668198,,653.58198821544649
clingcon,600 (46),./Instancesv2/sippv2/fixlen4/26noon/p02[count=350],206.14980092644691,155.5199933052063,,,,361.66979423165321
clingcon,600 (46),./Instancesv2/sippv2/fixlen4/26noon/p01[count=350],207.91720086336136,,,,,207.91720086336136
clingcon,600 (46),./Instancesv2/sippv2/fixlen4/30noon/p03[count=350],208.60020098090172,153.21599340438843,152.40279841423035,,,514.21899279952050
clingcon,600 (46),./Instancesv2/sippv2/fixlen4/30noon/p04[count=350],208.60020098090172,153.21599340438843,152.40279841423035,162.46499495208263,,676.68398775160313
clingcon,600 (46),./Instancesv2/sippv2/fixlen4/30noon/p05[count=350],208.60020098090172,153.21599340438843,152.40279841423035,162.46499495208263,177.15699988603592,853.84098763763905
clingcon,600 (46),./Instancesv2/sippv2/fixlen4/30noon/p02[count=350],208.60020098090172,153.21599340438843,,,,361.81619438529015
clingcon,600 (46),./Instancesv2/sippv2/fixlen4/30noon/p01[count=350],208.60020098090172,,,,,208.60020098090172
clingcon,600 (46),./Instancesv2/sippv2/fixlen4/30eve/p03[count=350],141.45720160007477,122.68799471855164,128.67759865522385,,,392.82279497385026
clingcon,600 (46),./Instancesv2/sippv2/fixlen4/30eve/p04[count=350],141.45720160007477,122.68799471855164,128.67759865522385,131.25999592244625,,524.08279089629651
clingcon,600 (46),./Instancesv2/sippv2/fixlen4/30eve/p05[count=350],141.45720160007477,122.68799471855164,128.67759865522385,131.25999592244625,140.54699975252151,664.62979064881802
clingcon,600 (46),./Instancesv2/sippv2/fixlen4/30eve/p02[count=350],141.45720160007477,122.68799471855164,,,,264.14519631862641
clingcon,600 (46),./Instancesv2/sippv2/fixlen4/30eve/p01[count=350],141.45720160007477,,,,,141.45720160007477
clingcon,660 (47),./Instancesv2/sippv2/fixlen4/30morn/p03[count=350],73.51180031895638,60.479997396469116,71.49639922380447,,,205.488196939229966
clingcon,660 (47),./Instancesv2/sippv2/fixlen4/30morn/p04[count=350],73.51180031895638,60.479997396469116,71.49639922380447,68.73399786651134,,274.222194805741306
clingcon,660 (47),./Instancesv2/sippv2/fixlen4/30morn/p05[count=350],73.51180031895638,60.479997396469116,71.49639922380447,68.73399786651134,72.39400005340576,346.616194859147066
clingcon,660 (47),./Instancesv2/sippv2/fixlen4/30morn/p01[count=350],73.51180031895638,,,,,73.51180031895638
clingcon,660 (47),./Instancesv2/sippv2/fixlen4/26morn/p05[count=350],171.92740139365196,148.60799360275269,165.72079819440842,160.2269950211048,169.86000001430511,816.34318822622298
clingcon,660 (47),./Instancesv2/sippv2/fixlen4/26morn/p02[count=350],173.2394014298916,149.75999355316162,,,,322.99939498305322
clingcon,660 (47),./Instancesv2/sippv2/fixlen4/26morn/p01[count=350],173.2394014298916,,,,,173.2394014298916
clingcon,660 (47),./Instancesv2/sippv2/fixlen4/muse/p03[count=350],209.65399484336376,158.92599380016327,181.2780019044876,,,549.85799054801463
clingcon,660 (47),./Instancesv2/sippv2/fixlen4/muse/p04[count=350],209.65399484336376,158.92599380016327,181.2780019044876,240.3859932422638,,790.24398379027843
clingcon,660 (47),./Instancesv2/sippv2/fixlen4/muse/p05[count=350],209.65399484336376,158.92599380016327,181.2780019044876,240.3859932422638,257.08199965953827,1047.32598344981670
clingcon,660 (47),./Instancesv2/sippv2/fixlen4/muse/p02[count=350],209.65399484336376,158.92599380016327,,,,368.57998864352703
clingcon,660 (47),./Instancesv2/sippv2/fixlen4/muse/p01[count=350],209.65399484336376,,,,,209.65399484336376
clingcon,660 (47),./Instancesv2/sippv2/fixlen4/26eve/p04[count=350],239.87120151519775,155.5199933052063,161.13579806685448,159.59699504077435,,716.12398792803288
clingcon,660 (47),./Instancesv2/sippv2/fixlen4/26eve/p05[count=350],239.87120151519775,155.5199933052063,161.13579806685448,159.59699504077435,196.22499972581863,912.34898765385151
clingcon,660 (47),./Instancesv2/sippv2/fixlen4/26noon/p03[count=350],227.85400104522705,168.1919927597046,167.15379831194878,,,563.19979211688043
clingcon,660 (47),./Instancesv2/sippv2/fixlen4/26noon/p04[count=350],227.85400104522705,168.1919927597046,167.15379831194878,166.73799481987953,,729.93778693675996
clingcon,660 (47),./Instancesv2/sippv2/fixlen4/26noon/p05[count=350],227.85400104522705,168.1919927597046,167.15379831194878,166.73799481987953,184.92399966716766,914.86178660392762
clingcon,660 (47),./Instancesv2/sippv2/fixlen4/26noon/p02[count=350],227.85400104522705,168.1919927597046,,,,396.04599380493165
clingcon,660 (47),./Instancesv2/sippv2/fixlen4/26noon/p01[count=350],227.85400104522705,,,,,227.85400104522705
clingcon,660 (47),./Instancesv2/sippv2/fixlen4/30noon/p03[count=350],234.7798013985157,171.07199263572693,173.4117982685566,,,579.26359230279923
clingcon,660 (47),./Instancesv2/sippv2/fixlen4/30noon/p04[count=350],234.7798013985157,171.07199263572693,173.4117982685566,172.34999464452267,,751.61358694732190
clingcon,660 (47),./Instancesv2/sippv2/fixlen4/30noon/p05[count=350],234.7798013985157,171.07199263572693,173.4117982685566,172.34999464452267,188.10399985313416,939.71758680045606
clingcon,660 (47),./Instancesv2/sippv2/fixlen4/30noon/p02[count=350],234.7798013985157,171.07199263572693,,,,405.85179403424263
clingcon,660 (47),./Instancesv2/sippv2/fixlen4/30noon/p01[count=350],234.7798013985157,,,,,234.7798013985157
clingcon,660 (47),./Instancesv2/sippv2/fixlen4/30eve/p03[count=350],148.23080158233643,129.02399444580078,147.89859852194786,,,425.15339455008507
clingcon,660 (47),./Instancesv2/sippv2/fixlen4/30eve/p04[count=350],148.23080158233643,129.02399444580078,149.6865985095501,141.14499561488628,,568.08639015257359
clingcon,720 (39),./Instancesv2/sippv2/fixlen4/30morn/p03[count=350],84.11820039153099,68.54399704933167,74.57939913868904,,,227.24159657955170
clingcon,720 (39),./Instancesv2/sippv2/fixlen4/30morn/p04[count=350],84.11820039153099,68.54399704933167,74.57939913868904,71.80499777197838,,299.04659435153008
clingcon,720 (39),./Instancesv2/sippv2/fixlen4/30morn/p05[count=350],84.11820039153099,68.54399704933167,74.57939913868904,71.80499777197838,75.21900004148483,374.26559439301491
clingcon,720 (39),./Instancesv2/sippv2/fixlen4/30morn/p01[count=350],84.11820039153099,,,,,84.11820039153099
clingcon,720 (39),./Instancesv2/sippv2/fixlen4/muse/p03[count=350],229.67799435555935,158.92599380016327,194.3730018734932,,,582.97699002921582
clingcon,720 (39),./Instancesv2/sippv2/fixlen4/muse/p04[count=350],229.67799435555935,158.92599380016327,194.3730018734932,267.7359924316406,,850.71298246085642
clingcon,720 (39),./Instancesv2/sippv2/fixlen4/muse/p05[count=350],229.67799435555935,158.92599380016327,194.3730018734932,267.7359924316406,294.51499968767166,1145.22798214852808
clingcon,720 (39),./Instancesv2/sippv2/fixlen4/muse/p01[count=350],229.67799435555935,,,,,229.67799435555935
clingcon,720 (39),./Instancesv2/sippv2/fixlen4/26eve/p04[count=350],253.65580132603645,175.67999243736267,183.93279790878296,181.72099435329437,,794.98958602547645
clingcon,720 (39),./Instancesv2/sippv2/fixlen4/26eve/p05[count=350],253.65580132603645,175.67999243736267,183.93279790878296,181.72099435329437,209.17299968004227,1004.16258570551872
clingcon,720 (39),./Instancesv2/sippv2/fixlen4/26noon/p03[count=350],245.27800101041794,173.95199251174927,174.6607981324196,,,593.89079165458681
clingcon,720 (39),./Instancesv2/sippv2/fixlen4/26noon/p04[count=350],245.27800101041794,173.95199251174927,174.6607981324196,174.1029945909977,,767.99378624558451
clingcon,720 (39),./Instancesv2/sippv2/fixlen4/26noon/p05[count=350],245.27800101041794,173.95199251174927,174.6607981324196,174.1029945909977,196.576999604702,964.57078585028651
clingcon,720 (39),./Instancesv2/sippv2/fixlen4/26noon/p02[count=350],247.23980101943016,174.52799248695374,,,,421.76779350638390
clingcon,720 (39),./Instancesv2/sippv2/fixlen4/30noon/p03[count=350],251.19460132718086,185.47199201583862,185.2283980846405,,,621.89499142765998
clingcon,720 (39),./Instancesv2/sippv2/fixlen4/30noon/p04[count=350],251.19460132718086,185.47199201583862,185.2283980846405,189.28899411857128,,811.18398554623126
clingcon,720 (39),./Instancesv2/sippv2/fixlen4/30noon/p01[count=350],251.19460132718086,,,,,251.19460132718086
clingcon,720 (39),./Instancesv2/sippv2/fixlen4/30eve/p04[count=350],166.28040194511414,142.27199387550354,155.00459840893745,152.23999527096748,,615.79698950052261
clingcon,720 (39),./Instancesv2/sippv2/fixlen4/30eve/p05[count=350],164.44140180945396,139.96799397468567,152.76959842443466,151.03799530863762,167.97399973869324,776.19098925590515
clingcon,780 (31),./Instancesv2/sippv2/fixlen4/30morn/p03[count=350],87.80920034646988,71.99999690055847,83.78299906849861,,,243.59219631552696
clingcon,780 (31),./Instancesv2/sippv2/fixlen4/30morn/p04[count=350],87.80920034646988,71.99999690055847,83.78299906849861,79.0539975464344,,322.64619386196136
clingcon,780 (31),./Instancesv2/sippv2/fixlen4/30morn/p05[count=350],87.80920034646988,71.99999690055847,83.78299906849861,79.0539975464344,80.98700004816055,403.63319391012191
clingcon,780 (31),./Instancesv2/sippv2/fixlen4/30morn/p01[count=350],87.80920034646988,,,,,87.80920034646988
clingcon,780 (31),./Instancesv2/sippv2/fixlen4/muse/p03[count=350],249.95799379050732,182.9389929175377,213.98700219392776,,,646.88398890197278
clingcon,780 (31),./Instancesv2/sippv2/fixlen4/muse/p04[count=350],249.95799379050732,182.9389929175377,213.98700219392776,288.2609919309616,,935.14498083293438
clingcon,780 (31),./Instancesv2/sippv2/fixlen4/muse/p05[count=350],249.95799379050732,182.9389929175377,213.98700219392776,288.2609919309616,309.81699961423874,1244.96198044717312
clingcon,780 (31),./Instancesv2/sippv2/fixlen4/muse/p01[count=350],249.95799379050732,,,,,249.95799379050732
clingcon,780 (31),./Instancesv2/sippv2/fixlen4/26eve/p04[count=350],278.44380167126656,187.19999194145203,193.37699779868126,182.52499432861805,,841.54578574001790
clingcon,780 (31),./Instancesv2/sippv2/fixlen4/26noon/p03[count=350],270.2542013823986,194.6879916191101,196.56379798054695,,,661.50599098205565
clingcon,780 (31),./Instancesv2/sippv2/fixlen4/26noon/p04[count=350],270.2542013823986,194.6879916191101,196.56379798054695,194.87999394536018,,856.38598492741583
clingcon,780 (31),./Instancesv2/sippv2/fixlen4/26noon/p05[count=350],270.2542013823986,194.6879916191101,196.56379798054695,194.87999394536018,207.40599954128265,1063.79198446869848
clingcon,780 (31),./Instancesv2/sippv2/fixlen4/26noon/p01[count=350],270.2542013823986,,,,,270.2542013823986
clingcon,780 (31),./Instancesv2/sippv2/fixlen4/30noon/p03[count=350],272.9112015366554,199.29599142074585,202.3747979402542,,,674.58199089765545
clingcon,780 (31),./Instancesv2/sippv2/fixlen4/30noon/p04[count=350],272.9112015366554,199.29599142074585,202.3747979402542,191.2659940570593,,865.84798495471475
clingcon,780 (31),./Instancesv2/sippv2/fixlen4/30eve/p01[count=350],174.98060193657875,,,,,174.98060193657875
clingcon,840 (31),./Instancesv2/sippv2/fixlen4/30morn/p03[count=350],96.53340044617653,79.48799657821655,92.3331989645958,,,268.35459598898888
clingcon,840 (31),./Instancesv2/sippv2/fixlen4/30morn/p04[count=350],96.53340044617653,79.48799657821655,92.3331989645958,84.10199739038944,,352.45659337937832
clingcon,840 (31),./Instancesv2/sippv2/fixlen4/30morn/p05[count=350],96.53340044617653,79.48799657821655,92.3331989645958,84.10199739038944,86.75500005483627,439.21159343421459
clingcon,840 (31),./Instancesv2/sippv2/fixlen4/30morn/p02[count=350],96.53340044617653,79.48799657821655,,,,176.02139702439308
clingcon,840 (31),./Instancesv2/sippv2/fixlen4/30morn/p01[count=350],96.53340044617653,,,,,96.53340044617653
clingcon,840 (31),./Instancesv2/sippv2/fixlen4/muse/p03[count=350],265.34699343144894,190.90799260139465,230.35000222921371,,,686.60498826205730
clingcon,840 (31),./Instancesv2/sippv2/fixlen4/muse/p04[count=350],265.34699343144894,190.90799260139465,230.35000222921371,316.4319911003113,,1003.03697936236860
clingcon,840 (31),./Instancesv2/sippv2/fixlen4/muse/p05[count=350],265.34699343144894,190.90799260139465,230.35000222921371,316.4319911003113,342.06999957561493,1345.10697893798353
clingcon,840 (31),./Instancesv2/sippv2/fixlen4/muse/p01[count=350],265.34699343144894,,,,,265.34699343144894
clingcon,840 (31),./Instancesv2/sippv2/fixlen4/26eve/p04[count=350],290.38580176234245,196.99199151992798,207.95579758286476,202.01299372315407,,897.34658458828926
clingcon,840 (31),./Instancesv2/sippv2/fixlen4/26eve/p05[count=350],290.38580176234245,196.99199151992798,207.95579758286476,202.01299372315407,227.77099961042404,1125.11758419871330
clingcon,840 (31),./Instancesv2/sippv2/fixlen4/26noon/p03[count=350],287.274001121521,206.78399109840393,207.85319781303406,,,701.91119003295899
clingcon,840 (31),./Instancesv2/sippv2/fixlen4/26noon/p04[count=350],287.274001121521,206.78399109840393,207.85319781303406,200.95599375665188,,902.86718378961087
clingcon,840 (31),./Instancesv2/sippv2/fixlen4/26noon/p05[count=350],287.274001121521,206.78399109840393,207.85319781303406,200.95599375665188,224.70999956130981,1127.57718335092068
clingcon,840 (31),./Instancesv2/sippv2/fixlen4/30noon/p03[count=350],293.8272016644478,217.15199065208435,217.12579783797264,,,728.10499015450479
clingcon,840 (31),./Instancesv2/sippv2/fixlen4/30noon/p02[count=350],293.8272016644478,217.15199065208435,,,,510.97919231653215
clingcon,840 (31),./Instancesv2/sippv2/fixlen4/30eve/p04[count=350],190.0878020823002,161.85599303245544,185.27439814805984,171.9019946604967,,709.12018792331218
clingcon,840 (31),./Instancesv2/sippv2/fixlen4/30eve/p02[count=350],190.0878020823002,161.85599303245544,,,,351.94379511475564
clingcon,900 (27),./Instancesv2/sippv2/fixlen4/30morn/p03[count=350],102.5126003921032,81.21599650382996,96.2529989182949,,,279.98159581422806
clingcon,900 (27),./Instancesv2/sippv2/fixlen4/30morn/p04[count=350],102.5126003921032,81.21599650382996,96.2529989182949,86.73799730837345,,366.71959312260151
clingcon,900 (27),./Instancesv2/sippv2/fixlen4/30morn/p05[count=350],102.5126003921032,81.21599650382996,96.2529989182949,86.73799730837345,90.05100005865097,456.77059318125248
clingcon,900 (27),./Instancesv2/sippv2/fixlen4/30morn/p01[count=350],102.5126003921032,,,,,102.5126003921032
clingcon,900 (27),./Instancesv2/sippv2/fixlen4/muse/p03[count=350],290.26199273765087,209.2979918718338,249.4980025291443,,,749.05798713862897
clingcon,900 (27),./Instancesv2/sippv2/fixlen4/muse/p04[count=350],290.26199273765087,209.2979918718338,249.4980025291443,332.0309907197952,,1081.08897785842417
clingcon,900 (27),./Instancesv2/sippv2/fixlen4/muse/p05[count=350],290.26199273765087,209.2979918718338,249.4980025291443,332.0309907197952,355.2539995908737,1436.34297744929787
clingcon,900 (27),./Instancesv2/sippv2/fixlen4/muse/p01[count=350],290.26199273765087,,,,,290.26199273765087
clingcon,900 (27),./Instancesv2/sippv2/fixlen4/26eve/p04[count=350],308.3064022064209,211.96799087524414,225.38879746198654,209.4359934926033,,955.09918403625488
clingcon,900 (27),./Instancesv2/sippv2/fixlen4/26eve/p05[count=350],308.3064022064209,211.96799087524414,225.38879746198654,209.4359934926033,245.30999958515167,1200.40918362140655
clingcon,900 (27),./Instancesv2/sippv2/fixlen4/26noon/p03[count=350],309.7804016470909,223.4879903793335,225.52679765224457,,,758.79518967866897
clingcon,900 (27),./Instancesv2/sippv2/fixlen4/26noon/p04[count=350],309.7804016470909,223.4879903793335,225.52679765224457,219.75599317252636,,978.55118285119533
clingcon,900 (27),./Instancesv2/sippv2/fixlen4/26noon/p01[count=350],309.7804016470909,,,,,309.7804016470909
clingcon,900 (27),./Instancesv2/sippv2/fixlen4/30noon/p03[count=350],314.0632016658783,217.72799062728882,225.79039764404297,,,757.58158993721009
clingcon,900 (27),./Instancesv2/sippv2/fixlen4/30noon/p04[count=350],314.0632016658783,217.72799062728882,225.79039764404297,218.08999322354794,,975.67158316075803
clingcon,900 (27),./Instancesv2/sippv2/fixlen4/30noon/p01[count=350],314.0632016658783,,,,,314.0632016658783
fire,600 (46),./Instancesv2/sippv2/fixlen4/30morn/p03[count=350],70.70300033688545,54.14399766921997,63.89739927649498,,,188.74439728260040
fire,600 (46),./Instancesv2/sippv2/fixlen4/30morn/p04[count=350],70.70300033688545,55.295997619628906,63.89739927649498,62.14399807155132,,252.040395304560656
fire,600 (46),./Instancesv2/sippv2/fixlen4/30morn/p05[count=350],70.70300033688545,55.295997619628906,63.89739927649498,62.14399807155132,62.50600004196167,314.546395346522326
fire,600 (46),./Instancesv2/sippv2/fixlen4/30morn/p02[count=350],71.70300033688545,55.871997594833374,,,,127.574997931718824
fire,600 (46),./Instancesv2/sippv2/fixlen4/30morn/p01[count=350],70.70300033688545,,,,,70.70300033688545
fire,600 (46),./Instancesv2/sippv2/fixlen4/26morn/p03[count=350],161.5074015557766,138.23999404907227,152.04719829559326,,,451.79459390044213
fire,600 (46),./Instancesv2/sippv2/fixlen4/26morn/p04[count=350],161.5074015557766,138.23999404907227,152.04719829559326,136.53199575841427,,588.32658965885640
fire,600 (46),./Instancesv2/sippv2/fixlen4/26morn/p05[count=350],161.5074015557766,138.23999404907227,152.04719829559326,135.35899579524994,135.2519999742508,722.40558966994287
fire,600 (46),./Instancesv2/sippv2/fixlen4/26morn/p02[count=350],161.5074015557766,138.23999404907227,,,,299.74739560484887
fire,600 (46),./Instancesv2/sippv2/fixlen4/26morn/p01[count=350],163.157001465559,,,,,163.157001465559
fire,600 (46),./Instancesv2/sippv2/fixlen4/muse/p03[count=350],192.68999527394772,143.37899440526962,166.80000168085098,,,502.86899136006832
fire,600 (46),./Instancesv2/sippv2/fixlen4/muse/p04[count=350],192.68999527394772,143.37899440526962,166.80000168085098,215.7559938430786,,718.62498520314692
fire,600 (46),./Instancesv2/sippv2/fixlen4/muse/p05[count=350],192.68999527394772,143.37899440526962,166.80000168085098,216.57699382305145,231.77399969100952,951.21998487412929
fire,600 (46),./Instancesv2/sippv2/fixlen4/muse/p02[count=350],192.68999527394772,143.37899440526962,,,,336.06898967921734
fire,600 (46),./Instancesv2/sippv2/fixlen4/muse/p01[count=350],192.68999527394772,,,,,192.68999527394772
fire,600 (46),./Instancesv2/sippv2/fixlen4/26eve/p03[count=350],218.0574012696743,145.72799372673035,150.25919830799103,,,514.04459330439568
fire,600 (46),./Instancesv2/sippv2/fixlen4/26eve/p04[count=350],218.0574012696743,145.15199375152588,150.25919830799103,154.2089952081442,,667.67758853733541
fire,600 (46),./Instancesv2/sippv2/fixlen4/26eve/p05[count=350],218.0574012696743,142.847993850708,150.25919830799103,154.83899518847466,187.39699977636337,853.40058839321136
fire,600 (46),./Instancesv2/sippv2/fixlen4/26eve/p02[count=350],218.0574012696743,149.18399357795715,,,,367.24139484763145
fire,600 (46),./Instancesv2/sippv2/fixlen4/26eve/p01[count=350],219.73260101675987,,,,,219.73260101675987
fire,600 (46),./Instancesv2/sippv2/fixlen4/26noon/p03[count=350],206.14980092644691,153.21599340438843,150.6147984266281,,,509.98059275746344
fire,600 (46),./Instancesv2/sippv2/fixlen4/26noon/p04[count=350],206.14980092644691,155.5199933052063,150.6147984266281,146.56199544668198,,658.84658810496329
fire,600 (46),./Instancesv2/sippv2/fixlen4/26noon/p05[count=350],206.14980092644691,155.5199933052063,150.6147984266281,146.88099543750286,166.79599964618683,825.96158774197100
fire,600 (46),./Instancesv2/sippv2/fixlen4/26noon/p02[count=350],206.14980092644691,155.5199933052063,,,,361.66979423165321
fire,600 (46),./Instancesv2/sippv2/fixlen4/26noon/p01[count=350],206.14980092644691,,,,,206.14980092644691
fire,600 (46),./Instancesv2/sippv2/fixlen4/30noon/p03[count=350],205.3010011613369,153.21599340438843,152.40279841423035,,,510.91979297995568
fire,600 (46),./Instancesv2/sippv2/fixlen4/30noon/p04[count=350],205.3010011613369,154.94399333000183,152.40279841423035,162.4359949529171,,675.08378785848618
fire,600 (46),./Instancesv2/sippv2/fixlen4/30noon/p05[count=350],205.3010011613369,153.21599340438843,152.40279841423035,162.46499495208263,177.15699988603592,850.54178781807423
fire,600 (46),./Instancesv2/sippv2/fixlen4/30noon/p02[count=350],208.60020098090172,153.21599340438843,,,,361.81619438529015
fire,600 (46),./Instancesv2/sippv2/fixlen4/30noon/p01[count=350],208.60020098090172,,,,,208.60020098090172
fire,600 (46),./Instancesv2/sippv2/fixlen4/30eve/p03[count=350],139.96680176258087,122.11199474334717,130.91259863972664,,,392.99139514565468
fire,600 (46),./Instancesv2/sippv2/fixlen4/30eve/p04[count=350],139.96680176258087,122.11199474334717,130.01859864592552,131.8029959052801,,523.90039105713366
fire,600 (46),./Instancesv2/sippv2/fixlen4/30eve/p05[count=350],139.96680176258087,122.11199474334717,130.46559864282608,132.63599587976933,140.54699975252151,665.72739078104496
fire,600 (46),./Instancesv2/sippv2/fixlen4/30eve/p02[count=350],139.96680176258087,122.11199474334717,,,,262.07879650592804
fire,600 (46),./Instancesv2/sippv2/fixlen4/30eve/p01[count=350],140.6722016632557,,,,,140.6722016632557
fire,660 (47),./Instancesv2/sippv2/fixlen4/30morn/p03[count=350],72.80000030994415,59.90399742126465,70.1553992331028,,,202.85939696431160
fire,660 (47),./Instancesv2/sippv2/fixlen4/30morn/p04[count=350],72.80000030994415,59.90399742126465,70.1553992331028,67.41599790751934,,270.27539487183094
fire,660 (47),./Instancesv2/sippv2/fixlen4/30morn/p05[count=350],72.80000030994415,59.90399742126465,70.1553992331028,67.41599790751934,70.74600005149841,341.02139492332935
fire,660 (47),./Instancesv2/sippv2/fixlen4/30morn/p02[count=350],75.55000030994415,61.63199734687805,,,,137.18199765682220
fire,660 (47),./Instancesv2/sippv2/fixlen4/30morn/p01[count=350],72.80000030994415,,,,,72.80000030994415
fire,660 (47),./Instancesv2/sippv2/fixlen4/26morn/p03[count=350],173.8954014480114,148.60799360275269,168.13919818401337,,,490.64259323477746
fire,660 (47),./Instancesv2/sippv2/fixlen4/26morn/p04[count=350],173.8954014480114,148.60799360275269,168.13919818401337,162.89199493825436,,653.53458817303182
fire,660 (47),./Instancesv2/sippv2/fixlen4/26morn/p05[count=350],173.8954014480114,148.60799360275269,168.13919818401337,163.03699493408203,164.0920000076294,817.77158817648889
fire,660 (47),./Instancesv2/sippv2/fixlen4/26morn/p02[count=350],173.8954014480114,148.60799360275269,,,,322.50339505076409
fire,660 (47),./Instancesv2/sippv2/fixlen4/26morn/p01[count=350],173.2394014298916,,,,,173.2394014298916
fire,660 (47),./Instancesv2/sippv2/fixlen4/muse/p03[count=350],208.33499483764172,158.92599380016327,181.2780019044876,,,548.53899054229259
fire,660 (47),./Instancesv2/sippv2/fixlen4/muse/p04[count=350],208.33499483764172,158.70399379730225,181.279001891613,241.20699322223663,,789.52498374879360
fire,660 (47),./Instancesv2/sippv2/fixlen4/muse/p05[count=350],208.33499483764172,158.92599380016327,181.2780019044876,242.02799320220947,260.730999648571,1051.29798339307306
fire,660 (47),./Instancesv2/sippv2/fixlen4/muse/p02[count=350],208.33499483764172,156.5749940276146,,,,364.90998886525632
fire,660 (47),./Instancesv2/sippv2/fixlen4/muse/p01[count=350],208.33499483764172,,,,,208.33499483764172
fire,660 (47),./Instancesv2/sippv2/fixlen4/26eve/p03[count=350],241.1114018857479,157.2479932308197,162.6601980626583,,,561.0195931792259
fire,660 (47),./Instancesv2/sippv2/fixlen4/26eve/p04[count=350],238.4078017771244,153.7919933795929,159.7947980761528,158.93799506127834,,710.93258829414844
fire,660 (47),./Instancesv2/sippv2/fixlen4/26eve/p05[count=350],238.4078017771244,155.5199933052063,161.13579806685448,157.39599511027336,194.57699972391129,907.03658798336983
fire,660 (47),./Instancesv2/sippv2/fixlen4/26eve/p02[count=350],241.68780186772346,157.2479932308197,,,,398.93579509854316
fire,660 (47),./Instancesv2/sippv2/fixlen4/26eve/p01[count=350],241.63060161471367,,,,,241.63060161471367
fire,660 (47),./Instancesv2/sippv2/fixlen4/26noon/p03[count=350],227.85400104522705,156.09599328041077,164.47179833054543,,,548.42179265618325
fire,660 (47),./Instancesv2/sippv2/fixlen4/26noon/p04[count=350],227.85400104522705,170.49599266052246,164.47179833054543,166.73799481987953,,729.55978685617447
fire,660 (47),./Instancesv2/sippv2/fixlen4/26noon/p05[count=350],227.85400104522705,164.73599290847778,167.60079830884933,172.61099463701248,192.33999967575073,925.14178657531737
fire,660 (47),./Instancesv2/sippv2/fixlen4/26noon/p02[count=350],227.85400104522705,168.1919927597046,,,,396.04599380493165
fire,660 (47),./Instancesv2/sippv2/fixlen4/26noon/p01[count=350],227.85400104522705,,,,,227.85400104522705
fire,660 (47),./Instancesv2/sippv2/fixlen4/30noon/p03[count=350],228.88680166006088,171.07199263572693,173.4117982685566,,,573.37059256434441
fire,660 (47),./Instancesv2/sippv2/fixlen4/30noon/p04[count=350],228.88680166006088,173.95199251174927,173.4117982685566,168.62799476087093,,744.87858720123768
fire,660 (47),./Instancesv2/sippv2/fixlen4/30noon/p05[count=350],228.88680166006088,170.49599266052246,174.75279825925827,173.00899462401867,188.92799985408783,936.07258705794811
fire,660 (47),./Instancesv2/sippv2/fixlen4/30noon/p02[count=350],234.49160140752792,171.07199263572693,,,,405.56359404325485
fire,660 (47),./Instancesv2/sippv2/fixlen4/30noon/p01[count=350],234.49160140752792,,,,,234.49160140752792
fire,660 (47),./Instancesv2/sippv2/fixlen4/30eve/p03[count=350],148.23080158233643,129.02399444580078,149.6865985095501,,,426.94139453768731
fire,660 (47),./Instancesv2/sippv2/fixlen4/30eve/p04[count=350],148.23080158233643,129.02399444580078,149.23959851264954,143.00599555671215,,569.50039009749890
fire,660 (47),./Instancesv2/sippv2/fixlen4/30eve/p05[count=350],148.23080158233643,129.02399444580078,149.6865985095501,139.88499565422535,156.20299977064133,723.02938996255399
fire,660 (47),./Instancesv2/sippv2/fixlen4/30eve/p02[count=350],148.23080158233643,129.02399444580078,,,,277.25479602813721
fire,660 (47),./Instancesv2/sippv2/fixlen4/30eve/p01[count=350],146.9188015460968,,,,,146.9188015460968
fire,720 (39),./Instancesv2/sippv2/fixlen4/30morn/p03[count=350],82.61820039153099,67.9679970741272,77.26139912009239,,,227.84759658575058
fire,720 (39),./Instancesv2/sippv2/fixlen4/30morn/p04[count=350],82.61820039153099,67.9679970741272,77.26139912009239,71.80499777197838,,299.65259435772896
fire,720 (39),./Instancesv2/sippv2/fixlen4/30morn/p05[count=350],82.61820039153099,67.9679970741272,77.26139912009239,71.80499777197838,75.21900004148483,374.87159439921379
fire,720 (39),./Instancesv2/sippv2/fixlen4/30morn/p02[count=350],84.11820039153099,69.11999702453613,,,,153.23819741606712
fire,720 (39),./Instancesv2/sippv2/fixlen4/30morn/p01[count=350],82.61820039153099,,,,,82.61820039153099
fire,720 (39),./Instancesv2/sippv2/fixlen4/26morn/p03[count=350],192.36220172047615,165.31199288368225,176.96419796347618,,,534.63839256763458
fire,720 (39),./Instancesv2/sippv2/fixlen4/26morn/p04[count=350],192.36220172047615,165.31199288368225,176.96419796347618,163.44299492239952,,698.08138749003410
fire,720 (39),./Instancesv2/sippv2/fixlen4/26morn/p05[count=350],192.36220172047615,160.12799310684204,176.96419796347618,163.64599491655827,173.8619999885559,866.96238769590854
fire,720 (39),./Instancesv2/sippv2/fixlen4/26morn/p02[count=350],192.36220172047615,165.31199288368225,,,,357.67419460415840
fire,720 (39),./Instancesv2/sippv2/fixlen4/26morn/p01[count=350],192.20300164818764,,,,,192.20300164818764
fire,720 (39),./Instancesv2/sippv2/fixlen4/muse/p03[count=350],227.37699435651302,158.92599380016327,194.3730018734932,,,580.67599003016949
fire,720 (39),./Instancesv2/sippv2/fixlen4/muse/p04[count=350],227.37699435651302,158.70399379730225,193.9060018658638,268.55699241161346,,848.54398243129253
fire,720 (39),./Instancesv2/sippv2/fixlen4/muse/p05[count=350],227.37699435651302,158.92599380016327,194.3730018734932,269.3779923915863,297.81099969148636,1147.86498211324215
fire,720 (39),./Instancesv2/sippv2/fixlen4/muse/p02[count=350],227.37699435651302,160.86599385738373,,,,388.24298821389675
fire,720 (39),./Instancesv2/sippv2/fixlen4/muse/p01[count=350],227.37699435651302,,,,,227.37699435651302
fire,720 (39),./Instancesv2/sippv2/fixlen4/26eve/p03[count=350],253.4932017326355,178.559992313385,185.4571979045868,,,617.5103919506073
fire,720 (39),./Instancesv2/sippv2/fixlen4/26eve/p04[count=350],250.789601624012,166.4639928340912,179.01579794287682,179.14299443364143,,775.41238683462145
fire,720 (39),./Instancesv2/sippv2/fixlen4/26eve/p05[count=350],251.07780161499977,173.95199251174927,183.93279790878296,182.49599432945251,212.46899968385696,1003.92758604884147
fire,720 (39),./Instancesv2/sippv2/fixlen4/26eve/p02[count=350],254.35780170559883,180.86399221420288,,,,435.22179391980171
fire,720 (39),./Instancesv2/sippv2/fixlen4/26eve/p01[count=350],256.2798013985157,,,,,256.2798013985157
fire,720 (39),./Instancesv2/sippv2/fixlen4/26noon/p03[count=350],247.23980101943016,171.07199263572693,171.97879815101624,,,590.29059180617333
fire,720 (39),./Instancesv2/sippv2/fixlen4/26noon/p04[count=350],247.23980101943016,171.07199263572693,171.97879815101624,173.98699459433556,,764.27758640050889
fire,720 (39),./Instancesv2/sippv2/fixlen4/26noon/p05[count=350],247.23980101943016,174.52799248695374,175.10779812932014,173.07499462366104,194.92899960279465,964.87958586215973
fire,720 (39),./Instancesv2/sippv2/fixlen4/26noon/p02[count=350],247.23980101943016,174.52799248695374,,,,421.76779350638390
fire,720 (39),./Instancesv2/sippv2/fixlen4/26noon/p01[count=350],247.23980101943016,,,,,247.23980101943016
fire,720 (39),./Instancesv2/sippv2/fixlen4/30noon/p03[count=350],245.8780015707016,185.47199201583862,185.2283980846405,,,616.57839167118072
fire,720 (39),./Instancesv2/sippv2/fixlen4/30noon/p04[count=350],245.8780015707016,185.47199201583862,185.2283980846405,189.25999411940575,,805.83838579058647
fire,720 (39),./Instancesv2/sippv2/fixlen4/30noon/p05[count=350],245.8780015707016,187.19999194145203,185.77859809994698,189.28899411857128,192.458999812603,1000.60458554327489
fire,720 (39),./Instancesv2/sippv2/fixlen4/30noon/p02[count=350],251.19460132718086,187.19999194145203,,,,438.39459326863289
fire,720 (39),./Instancesv2/sippv2/fixlen4/30noon/p01[count=350],251.19460132718086,,,,,251.19460132718086
fire,720 (39),./Instancesv2/sippv2/fixlen4/30eve/p03[count=350],166.28040194511414,139.3919939994812,159.1307983994484,,,464.80319434404374
fire,720 (39),./Instancesv2/sippv2/fixlen4/30eve/p04[count=350],166.28040194511414,142.27199387550354,154.74099841713905,152.0079952776432,,615.30138951539993
fire,720 (39),./Instancesv2/sippv2/fixlen4/30eve/p05[count=350],166.28040194511414,139.96799397468567,157.4229983985424,154.33299520611763,169.6219997406006,787.62638926506044
fire,720 (39),./Instancesv2/sippv2/fixlen4/30eve/p02[count=350],166.28040194511414,136.51199412345886,,,,302.79239606857300
fire,720 (39),./Instancesv2/sippv2/fixlen4/30eve/p01[count=350],166.4094018638134,,,,,166.4094018638134
fire,780 (31),./Instancesv2/sippv2/fixlen4/30morn/p03[count=350],86.46520036458969,70.84799695014954,84.22999906539917,,,241.54319638013840
fire,780 (31),./Instancesv2/sippv2/fixlen4/30morn/p04[count=350],86.46520036458969,70.84799695014954,84.22999906539917,79.0539975464344,,320.59719392657280
fire,780 (31),./Instancesv2/sippv2/fixlen4/30morn/p05[count=350],86.46520036458969,70.84799695014954,84.22999906539917,79.0539975464344,81.81100004911423,402.40819397568703
fire,780 (31),./Instancesv2/sippv2/fixlen4/30morn/p02[count=350],90.21520036458969,73.72799682617188,,,,163.94319719076157
fire,780 (31),./Instancesv2/sippv2/fixlen4/30morn/p01[count=350],86.46520036458969,,,,,86.46520036458969
fire,780 (31),./Instancesv2/sippv2/fixlen4/26morn/p03[count=350],208.06040185689926,177.98399233818054,198.420197814703,,,584.46459200978280
fire,780 (31),./Instancesv2/sippv2/fixlen4/26morn/p04[count=350],208.06040185689926,177.98399233818054,198.420197814703,187.1669941842556,,771.63158619403840
fire,780 (31),./Instancesv2/sippv2/fixlen4/26morn/p05[count=350],208.06040185689926,176.25599241256714,198.420197814703,187.36999417841434,190.69499999284744,960.80158625543118
fire,780 (31),./Instancesv2/sippv2/fixlen4/26morn/p02[count=350],208.06040185689926,177.98399233818054,,,,386.04439419507980
fire,780 (31),./Instancesv2/sippv2/fixlen4/26morn/p01[count=350],206.74840182065964,,,,,206.74840182065964
fire,780 (31),./Instancesv2/sippv2/fixlen4/muse/p03[count=350],247.656993791461,182.9389929175377,213.98700219392776,,,644.58298890292646
fire,780 (31),./Instancesv2/sippv2/fixlen4/muse/p04[count=350],247.656993791461,181.99799287319183,212.58600217103958,287.43999195098877,,929.68098078668118
fire,780 (31),./Instancesv2/sippv2/fixlen4/muse/p05[count=350],247.656993791461,182.9389929175377,213.98700219392776,293.18699181079865,314.7609996199608,1252.53098033368591
fire,780 (31),./Instancesv2/sippv2/fixlen4/muse/p02[count=350],247.656993791461,184.2079930305481,,,,431.8649868220091
fire,780 (31),./Instancesv2/sippv2/fixlen4/muse/p01[count=350],247.656993791461,,,,,247.656993791461
fire,780 (31),./Instancesv2/sippv2/fixlen4/26eve/p03[count=350],275.0314021408558,191.2319917678833,196.68939778208733,,,662.95279169082643
fire,780 (31),./Instancesv2/sippv2/fixlen4/26eve/p04[count=350],261.8318017423153,179.71199226379395,190.6949978172779,181.92399434745312,,814.16278617084027
fire,780 (31),./Instancesv2/sippv2/fixlen4/26eve/p05[count=350],270.6480019688606,187.19999194145203,193.37699779868126,183.10499431192875,221.88599967956543,1056.21598570048807
fire,780 (31),./Instancesv2/sippv2/fixlen4/26eve/p02[count=350],278.52000218629837,191.2319917678833,,,,469.75199395418167
fire,780 (31),./Instancesv2/sippv2/fixlen4/26eve/p01[count=350],280.779601752758,,,,,280.779601752758
fire,780 (31),./Instancesv2/sippv2/fixlen4/26noon/p03[count=350],270.2542013823986,183.16799211502075,189.41179803013802,,,642.83399152755737
fire,780 (31),./Instancesv2/sippv2/fixlen4/26noon/p04[count=350],270.2542013823986,187.19999194145203,189.41179803013802,190.23799408972263,,837.10398544371128
fire,780 (31),./Instancesv2/sippv2/fixlen4/26noon/p05[count=350],270.2542013823986,192.38399171829224,197.45779797434807,197.48699386417866,213.99799954891205,1071.58098448812962
fire,780 (31),./Instancesv2/sippv2/fixlen4/26noon/p02[count=350],270.2542013823986,195.26399159431458,,,,465.51819297671318
fire,780 (31),./Instancesv2/sippv2/fixlen4/26noon/p01[count=350],270.2542013823986,,,,,270.2542013823986
fire,780 (31),./Instancesv2/sippv2/fixlen4/30noon/p03[count=350],266.8096018433571,199.29599142074585,202.3747979402542,,,668.48039120435715
fire,780 (31),./Instancesv2/sippv2/fixlen4/30noon/p04[count=350],266.8096018433571,202.1759912967682,202.3747979402542,190.8679940700531,,862.2283851504326
fire,780 (31),./Instancesv2/sippv2/fixlen4/30noon/p05[count=350],266.8096018433571,200.44799137115479,203.7157979309559,192.5839940160513,210.1159998178482,1073.67338497936729
fire,780 (31),./Instancesv2/sippv2/fixlen4/30noon/p02[count=350],272.9526015818119,201.02399134635925,,,,473.97659292817115
fire,780 (31),./Instancesv2/sippv2/fixlen4/30noon/p01[count=350],272.9526015818119,,,,,272.9526015818119
fire,780 (31),./Instancesv2/sippv2/fixlen4/30eve/p03[count=350],176.29260197281837,148.03199362754822,172.31139823794365,,,496.63599383831024
fire,780 (31),./Instancesv2/sippv2/fixlen4/30eve/p04[count=350],176.29260197281837,148.03199362754822,168.28839826583862,154.6439951956272,,647.25698906183241
fire,780 (31),./Instancesv2/sippv2/fixlen4/30eve/p05[count=350],176.29260197281837,148.03199362754822,170.97039824724197,156.96899512410164,175.97799968719482,828.24198865890502
fire,780 (31),./Instancesv2/sippv2/fixlen4/30eve/p02[count=350],176.29260197281837,148.03199362754822,,,,324.32459560036659
fire,780 (31),./Instancesv2/sippv2/fixlen4/30eve/p01[count=350],174.98060193657875,,,,,174.98060193657875
fire,840 (31),./Instancesv2/sippv2/fixlen4/30morn/p03[count=350],94.53340044617653,77.75999665260315,90.93499901890755,,,263.22839611768723
fire,840 (31),./Instancesv2/sippv2/fixlen4/30morn/p04[count=350],94.53340044617653,77.75999665260315,90.93499901890755,84.10199739038944,,347.33039350807667
fire,840 (31),./Instancesv2/sippv2/fixlen4/30morn/p05[count=350],94.53340044617653,77.75999665260315,90.93499901890755,84.10199739038944,86.75500005483627,434.08539356291294
fire,840 (31),./Instancesv2/sippv2/fixlen4/30morn/p02[count=350],96.53340044617653,79.48799657821655,,,,176.02139702439308
fire,840 (31),./Instancesv2/sippv2/fixlen4/30morn/p01[count=350],94.53340044617653,,,,,94.53340044617653
fire,840 (31),./Instancesv2/sippv2/fixlen4/26morn/p03[count=350],222.35240191221237,187.7759919166565,209.9731976389885,,,620.10159146785737
fire,840 (31),./Instancesv2/sippv2/fixlen4/26morn/p04[count=350],222.35240191221237,187.7759919166565,209.9731976389885,187.71799416840076,,807.81958563625813
fire,840 (31),./Instancesv2/sippv2/fixlen4/26morn/p05[count=350],222.35240191221237,184.3199920654297,209.9731976389885,187.97899416089058,198.46399998664856,1003.08858576416971
fire,840 (31),./Instancesv2/sippv2/fixlen4/26morn/p02[count=350],222.35240191221237,187.7759919166565,,,,410.12839382886887
fire,840 (31),./Instancesv2/sippv2/fixlen4/26morn/p01[count=350],222.82860186696053,,,,,222.82860186696053
fire,840 (31),./Instancesv2/sippv2/fixlen4/muse/p03[count=350],262.06399343907833,190.90799260139465,230.35000222921371,,,683.32198826968669
fire,840 (31),./Instancesv2/sippv2/fixlen4/muse/p04[count=350],262.06399343907833,190.4639925956726,229.41600221395493,315.61099112033844,,997.55497936904430
fire,840 (31),./Instancesv2/sippv2/fixlen4/muse/p05[count=350],262.06399343907833,190.90799260139465,230.35000222921371,321.3579909801483,348.6619995832443,1353.34197883307929
fire,840 (31),./Instancesv2/sippv2/fixlen4/muse/p02[count=350],262.70899342000484,194.90399265289307,,,,457.61298607289791
fire,840 (31),./Instancesv2/sippv2/fixlen4/muse/p01[count=350],262.06399343907833,,,,,262.06399343907833
fire,840 (31),./Instancesv2/sippv2/fixlen4/26eve/p03[count=350],293.0082021057606,201.02399134635925,211.26819756627083,,,705.30039101839068
fire,840 (31),./Instancesv2/sippv2/fixlen4/26eve/p04[count=350],281.5586017072201,194.11199164390564,205.2737976014614,200.12299378216267,,881.06738473474981
fire,840 (31),./Instancesv2/sippv2/fixlen4/26eve/p05[count=350],287.54840195178986,196.99199151992798,207.95579758286476,202.24499371647835,232.7149996161461,1127.45618438720705
fire,840 (31),./Instancesv2/sippv2/fixlen4/26eve/p02[count=350],294.34400218725204,201.02399134635925,,,,495.36799353361129
fire,840 (31),./Instancesv2/sippv2/fixlen4/26eve/p01[count=350],294.5480018258095,,,,,294.5480018258095
fire,840 (31),./Instancesv2/sippv2/fixlen4/26noon/p03[count=350],288.4858011305332,197.56799149513245,203.54359781742096,,,689.59739044308661
fire,840 (31),./Instancesv2/sippv2/fixlen4/26noon/p04[count=350],288.4858011305332,201.02399134635925,203.54359781742096,198.14599384367466,,891.19938413798807
fire,840 (31),./Instancesv2/sippv2/fixlen4/26noon/p05[count=350],288.4858011305332,207.93599104881287,208.48359781503677,197.95099385082722,222.2379995584488,1125.09438340365886
fire,840 (31),./Instancesv2/sippv2/fixlen4/26noon/p02[count=350],288.4858011305332,207.93599104881287,,,,496.42179217934607
fire,840 (31),./Instancesv2/sippv2/fixlen4/26noon/p01[count=350],288.4858011305332,,,,,288.4858011305332
fire,840 (31),./Instancesv2/sippv2/fixlen4/30noon/p03[count=350],286.8610019981861,215.42399072647095,217.12579783797264,,,719.41079056262969
fire,840 (31),./Instancesv2/sippv2/fixlen4/30noon/p04[count=350],286.8610019981861,217.72799062728882,217.12579783797264,214.1069933474064,,935.82178381085396
fire,840 (31),./Instancesv2/sippv2/fixlen4/30noon/p05[count=350],286.8610019981861,216.57599067687988,217.5727978348732,209.5229934900999,221.06299978494644,1151.59578378498552
fire,840 (31),./Instancesv2/sippv2/fixlen4/30noon/p02[count=350],294.4832016825676,217.15199065208435,,,,511.63519233465195
fire,840 (31),./Instancesv2/sippv2/fixlen4/30noon/p01[count=350],294.4832016825676,,,,,294.4832016825676
fire,840 (31),./Instancesv2/sippv2/fixlen4/30eve/p03[count=350],191.3998021185398,163.58399295806885,187.06239813566208,,,542.04619321227073
fire,840 (31),./Instancesv2/sippv2/fixlen4/30eve/p04[count=350],191.3998021185398,160.12799310684204,183.93339815735817,169.57699473202229,,705.03818811476230
fire,840 (31),./Instancesv2/sippv2/fixlen4/30eve/p05[count=350],191.3998021185398,163.58399295806885,187.06239813566208,172.5609946399927,190.80999970436096,905.41718755662439
fire,840 (31),./Instancesv2/sippv2/fixlen4/30eve/p02[count=350],191.3998021185398,160.12799310684204,,,,351.52779522538184
fire,840 (31),./Instancesv2/sippv2/fixlen4/30eve/p01[count=350],190.45560210943222,,,,,190.45560210943222
fire,900 (27),./Instancesv2/sippv2/fixlen4/30morn/p03[count=350],102.2626003921032,80.06399655342102,94.91199892759323,,,277.23859587311745
fire,900 (27),./Instancesv2/sippv2/fixlen4/30morn/p04[count=350],100.66860041022301,79.48799657821655,95.35899892449379,88.71499724686146,,364.23059315979481
fire,900 (27),./Instancesv2/sippv2/fixlen4/30morn/p05[count=350],102.2626003921032,78.33599662780762,94.01799893379211,87.39699728786945,90.87500005960464,452.88859330117702
fire,900 (27),./Instancesv2/sippv2/fixlen4/30morn/p02[count=350],104.2626003921032,81.79199647903442,,,,186.05459687113762
fire,900 (27),./Instancesv2/sippv2/fixlen4/30morn/p01[count=350],102.2626003921032,,,,,102.2626003921032
fire,900 (27),./Instancesv2/sippv2/fixlen4/26morn/p03[count=350],240.9134022295475,196.99199151992798,228.964797437191,,,666.87019118666648
fire,900 (27),./Instancesv2/sippv2/fixlen4/26morn/p04[count=350],240.9134022295475,196.99199151992798,228.964797437191,212.10099340975285,,878.97118459641933
fire,900 (27),./Instancesv2/sippv2/fixlen4/26morn/p05[count=350],240.9134022295475,196.99199151992798,228.964797437191,207.74899354577065,212.0009999871254,1086.62018471956253
fire,900 (27),./Instancesv2/sippv2/fixlen4/26morn/p02[count=350],240.9134022295475,196.99199151992798,,,,437.90539374947548
fire,900 (27),./Instancesv2/sippv2/fixlen4/26morn/p01[count=350],240.9134022295475,,,,,240.9134022295475
fire,900 (27),./Instancesv2/sippv2/fixlen4/muse/p03[count=350],286.33399276435375,203.16799211502075,242.96000242233276,,,732.46198730170726
fire,900 (27),./Instancesv2/sippv2/fixlen4/muse/p04[count=350],286.33399276435375,208.85399186611176,248.5640025138855,331.2099907398224,,1074.96197788417341
fire,900 (27),./Instancesv2/sippv2/fixlen4/muse/p05[count=350],286.33399276435375,209.2979918718338,249.4980025291443,338.59899055957794,361.8459995985031,1445.57497732341289
fire,900 (27),./Instancesv2/sippv2/fixlen4/muse/p02[count=350],286.97899274528027,213.29399192333221,,,,500.27298466861248
fire,900 (27),./Instancesv2/sippv2/fixlen4/muse/p01[count=350],286.33399276435375,,,,,286.33399276435375
fire,900 (27),./Instancesv2/sippv2/fixlen4/26eve/p03[count=350],311.9718023240566,212.5439908504486,228.7011974453926,,,753.2169906198978
fire,900 (27),./Instancesv2/sippv2/fixlen4/26eve/p04[count=350],291.39860197901726,196.4159915447235,222.7067974805832,207.5459935516119,,918.06738455593586
fire,900 (27),./Instancesv2/sippv2/fixlen4/26eve/p05[count=350],302.63640236854553,205.05599117279053,225.38879746198654,204.1719936579466,244.95699959993362,1182.21018426120282
fire,900 (27),./Instancesv2/sippv2/fixlen4/26eve/p02[count=350],315.8520024418831,217.15199065208435,,,,533.00399309396745
fire,900 (27),./Instancesv2/sippv2/fixlen4/26eve/p01[count=350],318.68000215291977,,,,,318.68000215291977
fire,900 (27),./Instancesv2/sippv2/fixlen4/26noon/p03[count=350],309.7804016470909,212.5439908504486,220.16279768943787,,,742.48719018697737
fire,900 (27),./Instancesv2/sippv2/fixlen4/26noon/p04[count=350],309.7804016470909,216.57599067687988,220.16279768943787,215.71499329805374,,962.23418331146239
fire,900 (27),./Instancesv2/sippv2/fixlen4/26noon/p05[count=350],309.1244016289711,224.63999032974243,226.42079764604568,220.3569931536913,233.06699949502945,1213.60918225347996
fire,900 (27),./Instancesv2/sippv2/fixlen4/26noon/p02[count=350],309.1244016289711,224.63999032974243,,,,533.76439195871353
fire,900 (27),./Instancesv2/sippv2/fixlen4/26noon/p01[count=350],309.7804016470909,,,,,309.7804016470909
fire,900 (27),./Instancesv2/sippv2/fixlen4/30noon/p03[count=350],303.0032020807266,217.72799062728882,225.79039764404297,,,746.52159035205839
fire,900 (27),./Instancesv2/sippv2/fixlen4/30noon/p04[count=350],303.0032020807266,220.60799050331116,225.79039764404297,217.06199325621128,,966.46358348429201
fire,900 (27),./Instancesv2/sippv2/fixlen4/30noon/p05[count=350],303.0032020807266,218.3039906024933,226.23739764094353,220.06699316203594,232.83399975299835,1200.44558323919772
fire,900 (27),./Instancesv2/sippv2/fixlen4/30noon/p02[count=350],311.93740180134773,219.45599055290222,,,,531.39339235424995
fire,900 (27),./Instancesv2/sippv2/fixlen4/30noon/p01[count=350],311.93740180134773,,,,,311.93740180134773
fire,900 (27),./Instancesv2/sippv2/fixlen4/30eve/p03[count=350],205.5486023724079,171.07199263572693,191.5435979962349,,,568.16419300436973
fire,900 (27),./Instancesv2/sippv2/fixlen4/30eve/p04[count=350],205.5486023724079,171.07199263572693,188.41459801793098,179.46199442446232,,744.49718745052813
fire,900 (27),./Instancesv2/sippv2/fixlen4/30eve/p05[count=350],205.5486023724079,171.07199263572693,191.5435979962349,180.46899439394474,201.28599965572357,949.91918705403804
fire,900 (27),./Instancesv2/sippv2/fixlen4/30eve/p02[count=350],205.5486023724079,171.07199263572693,,,,376.62059500813483
fire,900 (27),./Instancesv2/sippv2/fixlen4/30eve/p01[count=350],204.8926023542881,,,,,204.8926023542881
fire,600 (46),./Instancesv2_round/sippv2/fixlen4/30morn/p03[count=350],67.91480034589767,55.871997594833374,66.31579926609993,,,190.102597206830974
fire,600 (46),./Instancesv2_round/sippv2/fixlen4/30morn/p04[count=350],67.91480034589767,55.871997594833374,66.31579926609993,62.23099806904793,,252.333595275878904
fire,600 (46),./Instancesv2_round/sippv2/fixlen4/30morn/p05[count=350],67.91480034589767,55.871997594833374,66.31579926609993,62.23099806904793,60.85800004005432,313.191595315933224
fire,600 (46),./Instancesv2_round/sippv2/fixlen4/30morn/p02[count=350],67.91480034589767,55.871997594833374,,,,123.786797940731044
fire,600 (46),./Instancesv2_round/sippv2/fixlen4/30morn/p01[count=350],70.41480034589767,,,,,70.41480034589767
fire,600 (46),./Instancesv2_round/sippv2/fixlen4/26morn/p03[count=350],163.43580135703087,134.207994222641,126.27039855718613,,,423.91419413685800
fire,600 (46),./Instancesv2_round/sippv2/fixlen4/26morn/p04[count=350],163.43580135703087,133.05599427223206,125.63999855518341,117.64499634504318,,539.77679052948952
fire,600 (46),./Instancesv2_round/sippv2/fixlen4/26morn/p05[count=350],162.0536013841629,133.05599427223206,125.63999855518341,117.76099634170532,127.01199996471405,665.52259051799774
fire,600 (46),./Instancesv2_round/sippv2/fixlen4/26morn/p02[count=350],162.0536013841629,130.17599439620972,,,,292.22959578037262
fire,600 (46),./Instancesv2_round/sippv2/fixlen4/26morn/p01[count=350],163.43580135703087,,,,,163.43580135703087
fire,600 (46),./Instancesv2_round/sippv2/fixlen4/muse/p03[count=350],170.11599592864513,114.22999560832977,138.7800012230873,,,423.12599276006220
fire,600 (46),./Instancesv2_round/sippv2/fixlen4/muse/p04[count=350],170.28099593520164,114.22999560832977,138.7800012230873,241.20699322223663,,664.49798598885534
fire,600 (46),./Instancesv2_round/sippv2/fixlen4/muse/p05[count=350],172.96299581229687,119.0229954123497,142.98300129175186,247.77499306201935,276.26999974250793,959.01398532092571
fire,600 (46),./Instancesv2_round/sippv2/fixlen4/muse/p02[count=350],169.73099593818188,113.95499557256699,,,,283.68599151074887
fire,600 (46),./Instancesv2_round/sippv2/fixlen4/muse/p01[count=350],169.51199579238892,,,,,169.51199579238892
fire,600 (46),./Instancesv2_round/sippv2/fixlen4/26eve/p03[count=350],191.69440120458603,118.0799949169159,123.27879852056503,,,433.05319464206696
fire,600 (46),./Instancesv2_round/sippv2/fixlen4/26eve/p04[count=350],193.20200151205063,119.8079948425293,125.96079850196838,135.43799579143524,,574.40879064798355
fire,600 (46),./Instancesv2_round/sippv2/fixlen4/26eve/p05[count=350],190.21020141243935,121.5359947681427,127.06119853258133,136.3869957625866,171.74099975824356,746.93539023399354
fire,600 (46),./Instancesv2_round/sippv2/fixlen4/26eve/p02[count=350],193.6830012500286,120.38399481773376,,,,314.06699606776236
fire,600 (46),./Instancesv2_round/sippv2/fixlen4/26eve/p01[count=350],197.25940123200417,,,,,197.25940123200417
fire,600 (46),./Instancesv2_round/sippv2/fixlen4/26noon/p03[count=350],199.48480093479156,122.68799471855164,123.5311986207962,,,445.70399427413940
fire,600 (46),./Instancesv2_round/sippv2/fixlen4/26noon/p04[count=350],197.49760115146637,124.41599464416504,121.74319863319397,126.4519960731268,,570.10879050195218
fire,600 (46),./Instancesv2_round/sippv2/fixlen4/26noon/p05[count=350],200.1934008896351,127.87199449539185,123.5311986207962,127.1109960526228,147.01999962329865,725.72758968174460
fire,600 (46),./Instancesv2_round/sippv2/fixlen4/26noon/p02[count=350],199.1966009438038,122.11199474334717,,,,321.30859568715097
fire,600 (46),./Instancesv2_round/sippv2/fixlen4/26noon/p01[count=350],196.86080086231232,,,,,196.86080086231232
fire,600 (46),./Instancesv2_round/sippv2/fixlen4/30noon/p03[count=350],201.28200149536133,129.59999442100525,131.57719856500626,,,462.45919448137284
fire,600 (46),./Instancesv2_round/sippv2/fixlen4/30noon/p04[count=350],201.28200149536133,129.59999442100525,131.57719856500626,144.89599549770355,,607.35518997907639
fire,600 (46),./Instancesv2_round/sippv2/fixlen4/30noon/p05[count=350],201.28200149536133,129.59999442100525,131.57719856500626,145.30199548602104,159.02899986505508,766.79018983244896
fire,600 (46),./Instancesv2_round/sippv2/fixlen4/30noon/p02[count=350],203.25000154972076,129.59999442100525,,,,332.84999597072601
fire,600 (46),./Instancesv2_round/sippv2/fixlen4/30noon/p01[count=350],199.84100154042244,,,,,199.84100154042244
fire,600 (46),./Instancesv2_round/sippv2/fixlen4/30eve/p03[count=350],140.80120158195496,122.68799471855164,119.92099872231483,,,383.41019502282143
fire,600 (46),./Instancesv2_round/sippv2/fixlen4/30eve/p04[count=350],140.80120158195496,122.68799471855164,120.3679987192154,123.86599615216255,,507.72319117188455
fire,600 (46),./Instancesv2_round/sippv2/fixlen4/30eve/p05[count=350],140.80120158195496,122.68799471855164,119.92099872231483,123.86599615216255,131.4829997420311,638.75919091701508
fire,600 (46),./Instancesv2_round/sippv2/fixlen4/30eve/p02[count=350],140.80120158195496,122.68799471855164,,,,263.48919630050660
fire,600 (46),./Instancesv2_round/sippv2/fixlen4/30eve/p01[count=350],140.23920154571533,,,,,140.23920154571533
fire,660 (47),./Instancesv2_round/sippv2/fixlen4/30morn/p03[count=350],74.10580030083656,58.175997495651245,69.68539920449257,,,201.967197000980375
fire,660 (47),./Instancesv2_round/sippv2/fixlen4/30morn/p04[count=350],74.10580030083656,61.055997371673584,69.23839920759201,65.52599796652794,,269.926194846630094
fire,660 (47),./Instancesv2_round/sippv2/fixlen4/30morn/p05[count=350],74.10580030083656,58.175997495651245,69.23839920759201,65.52599796652794,69.09800004959106,336.144195020198815
fire,660 (47),./Instancesv2_round/sippv2/fixlen4/30morn/p02[count=350],74.10580030083656,58.175997495651245,,,,132.281797796487805
fire,660 (47),./Instancesv2_round/sippv2/fixlen4/30morn/p01[count=350],77.35580030083656,,,,,77.35580030083656
fire,660 (47),./Instancesv2_round/sippv2/fixlen4/26morn/p03[count=350],179.03820171952248,138.81599402427673,135.32479840517044,,,453.17899414896965
fire,660 (47),./Instancesv2_round/sippv2/fixlen4/26morn/p04[count=350],179.03820171952248,138.23999404907227,134.95799839496613,134.11999583244324,,586.35618999600412
fire,660 (47),./Instancesv2_round/sippv2/fixlen4/26morn/p05[count=350],179.6942017376423,138.23999404907227,134.95799839496613,133.57699584960938,142.66799998283386,729.13719001412394
fire,660 (47),./Instancesv2_round/sippv2/fixlen4/26morn/p02[count=350],179.6942017376423,136.51199412345886,,,,316.20619586110116
fire,660 (47),./Instancesv2_round/sippv2/fixlen4/26morn/p01[count=350],179.03820171952248,,,,,179.03820171952248
fire,660 (47),./Instancesv2_round/sippv2/fixlen4/muse/p03[count=350],189.06999546289444,120.97299534082413,149.53400123119354,,,459.57699203491211
fire,660 (47),./Instancesv2_round/sippv2/fixlen4/muse/p04[count=350],188.8759954571724,120.97299534082413,149.53400123119354,260.93899261951447,,720.32198464870454
fire,660 (47),./Instancesv2_round/sippv2/fixlen4/muse/p05[count=350],192.5619953274727,125.15299516916275,153.7370012998581,270.2659924030304,302.7549996972084,1044.47298389673235
fire,660 (47),./Instancesv2_round/sippv2/fixlen4/muse/p02[count=350],187.69699549674988,119.47199535369873,,,,307.16899085044861
fire,660 (47),./Instancesv2_round/sippv2/fixlen4/muse/p01[count=350],187.68199530243874,,,,,187.68199530243874
fire,660 (47),./Instancesv2_round/sippv2/fixlen4/26eve/p03[count=350],202.421401232481,124.41599464416504,138.0409983098507,,,464.87839418649674
fire,660 (47),./Instancesv2_round/sippv2/fixlen4/26eve/p04[count=350],204.11520171165466,126.71999454498291,140.72299829125404,136.44499576091766,,608.00319030880927
fire,660 (47),./Instancesv2_round/sippv2/fixlen4/26eve/p05[count=350],200.05020168423653,129.59999442100525,141.0325983464718,141.4929956048727,178.0969997048378,790.27278976142408
fire,660 (47),./Instancesv2_round/sippv2/fixlen4/26eve/p02[count=350],202.81620135903358,127.87199449539185,,,,330.68819585442543
fire,660 (47),./Instancesv2_round/sippv2/fixlen4/26eve/p01[count=350],205.57740125060081,,,,,205.57740125060081
fire,660 (47),./Instancesv2_round/sippv2/fixlen4/26noon/p03[count=350],216.4454011619091,133.05599427223206,132.32199847698212,,,481.82339391112328
fire,660 (47),./Instancesv2_round/sippv2/fixlen4/26noon/p04[count=350],214.73840153217316,130.75199437141418,130.98099848628044,142.29699558019638,,618.76838997006416
fire,660 (47),./Instancesv2_round/sippv2/fixlen4/26noon/p05[count=350],215.62220123410225,131.90399432182312,132.32199847698212,143.61499553918839,164.3239996433258,787.78718921542168
fire,660 (47),./Instancesv2_round/sippv2/fixlen4/26noon/p02[count=350],215.61900117993355,131.32799434661865,,,,346.94699552655220
fire,660 (47),./Instancesv2_round/sippv2/fixlen4/26noon/p01[count=350],212.78640115261078,,,,,212.78640115261078
fire,660 (47),./Instancesv2_round/sippv2/fixlen4/30noon/p03[count=350],214.9086014330387,140.54399394989014,143.35959845781326,,,498.81219384074210
fire,660 (47),./Instancesv2_round/sippv2/fixlen4/30noon/p04[count=350],214.9086014330387,140.54399394989014,143.35959845781326,151.6019952893257,,650.41418913006780
fire,660 (47),./Instancesv2_round/sippv2/fixlen4/30noon/p05[count=350],215.98500141501427,141.69599390029907,144.25359845161438,150.97999531030655,167.5039998292923,820.41858890652657
fire,660 (47),./Instancesv2_round/sippv2/fixlen4/30noon/p02[count=350],216.87660148739815,144.5759937763214,,,,361.45259526371955
fire,660 (47),./Instancesv2_round/sippv2/fixlen4/30noon/p01[count=350],210.77660152316093,,,,,210.77660152316093
fire,660 (47),./Instancesv2_round/sippv2/fixlen4/30eve/p03[count=350],154.5678018629551,131.90399432182312,134.3853985965252,,,420.85719478130342
fire,660 (47),./Instancesv2_round/sippv2/fixlen4/30eve/p04[count=350],154.5678018629551,131.90399432182312,133.49139860272408,128.08099602162838,,548.04419080913068
fire,660 (47),./Instancesv2_round/sippv2/fixlen4/30eve/p05[count=350],154.5678018629551,132.4799942970276,134.3853985965252,128.31299601495266,144.6669997572899,694.41319052875046
fire,660 (47),./Instancesv2_round/sippv2/fixlen4/30eve/p02[count=350],154.5678018629551,132.4799942970276,,,,287.0477961599827
fire,660 (47),./Instancesv2_round/sippv2/fixlen4/30eve/p01[count=350],154.5678018629551,,,,,154.5678018629551
fire,720 (39),./Instancesv2_round/sippv2/fixlen4/30morn/p03[count=350],79.13260033726692,65.08799719810486,76.91759914159775,,,221.13819667696953
fire,720 (39),./Instancesv2_round/sippv2/fixlen4/30morn/p04[count=350],79.13260033726692,65.08799719810486,76.91759914159775,73.20999772846699,,294.34819440543652
fire,720 (39),./Instancesv2_round/sippv2/fixlen4/30morn/p05[count=350],77.88260033726692,63.93599724769592,76.91759914159775,73.20999772846699,76.86700004339218,368.81319449841976
fire,720 (39),./Instancesv2_round/sippv2/fixlen4/30morn/p02[count=350],79.13260033726692,65.08799719810486,,,,144.22059753537178
fire,720 (39),./Instancesv2_round/sippv2/fixlen4/30morn/p01[count=350],82.38260033726692,,,,,82.38260033726692
fire,720 (39),./Instancesv2_round/sippv2/fixlen4/26morn/p03[count=350],189.36420157551765,152.63999342918396,151.41679829359055,,,493.42099329829216
fire,720 (39),./Instancesv2_round/sippv2/fixlen4/26morn/p04[count=350],189.36420157551765,151.48799347877502,150.60299828648567,143.6939955353737,,635.14918887615204
fire,720 (39),./Instancesv2_round/sippv2/fixlen4/26morn/p05[count=350],190.02020159363747,152.63999342918396,148.97539827227592,143.26699554920197,152.43799996376038,787.34058880805970
fire,720 (39),./Instancesv2_round/sippv2/fixlen4/26morn/p02[count=350],190.02020159363747,148.60799360275269,,,,338.62819519639016
fire,720 (39),./Instancesv2_round/sippv2/fixlen4/26morn/p01[count=350],189.36420157551765,,,,,189.36420157551765
fire,720 (39),./Instancesv2_round/sippv2/fixlen4/muse/p03[count=350],204.3409951031208,134.73399484157562,165.87900149822235,,,504.95399144291877
fire,720 (39),./Instancesv2_round/sippv2/fixlen4/muse/p04[count=350],203.7749950736761,134.73399484157562,165.87900149822235,292.13699185848236,,796.52498327195643
fire,720 (39),./Instancesv2_round/sippv2/fixlen4/muse/p05[count=350],204.681995049119,138.13199472427368,171.48300158977509,297.88399171829224,335.7149997353554,1147.89598281681541
fire,720 (39),./Instancesv2_round/sippv2/fixlen4/muse/p02[count=350],200.3369951993227,133.95699483156204,,,,334.29399003088474
fire,720 (39),./Instancesv2_round/sippv2/fixlen4/muse/p01[count=350],201.44699490070343,,,,,201.44699490070343
fire,720 (39),./Instancesv2_round/sippv2/fixlen4/26eve/p03[count=350],217.0144014954567,138.81599402427673,146.3045981824398,,,502.13499370217323
fire,720 (39),./Instancesv2_round/sippv2/fixlen4/26eve/p04[count=350],217.96140202879906,141.1199939250946,149.88059815764427,153.57899522781372,,662.54098933935165
fire,720 (39),./Instancesv2_round/sippv2/fixlen4/26eve/p05[count=350],214.55240201950073,144.5759937763214,150.29339823126793,154.01399521529675,192.69299966096878,856.12878890335559
fire,720 (39),./Instancesv2_round/sippv2/fixlen4/26eve/p02[count=350],217.08280164003372,139.96799397468567,,,,357.05079561471939
fire,720 (39),./Instancesv2_round/sippv2/fixlen4/26eve/p01[count=350],222.9648015499115,,,,,222.9648015499115
fire,720 (39),./Instancesv2_round/sippv2/fixlen4/26noon/p03[count=350],231.79960131645203,143.99999380111694,147.96699836850166,,,523.76659348607063
fire,720 (39),./Instancesv2_round/sippv2/fixlen4/26noon/p04[count=350],226.32840180397034,141.69599390029907,146.70619836449623,151.89999528229237,,666.63058935105801
fire,720 (39),./Instancesv2_round/sippv2/fixlen4/26noon/p05[count=350],230.76780143380165,146.30399370193481,147.96699836850166,153.21799524128437,174.3289995789528,852.58578832447529
fire,720 (39),./Instancesv2_round/sippv2/fixlen4/26noon/p02[count=350],230.80280137062073,142.847993850708,,,,373.65079522132873
fire,720 (39),./Instancesv2_round/sippv2/fixlen4/26noon/p01[count=350],227.97020134329796,,,,,227.97020134329796
fire,720 (39),./Instancesv2_round/sippv2/fixlen4/30noon/p03[count=350],225.75660154223442,150.3359935283661,158.2479982972145,,,534.34059336781502
fire,720 (39),./Instancesv2_round/sippv2/fixlen4/30noon/p04[count=350],225.67700150609016,150.3359935283661,158.2479982972145,167.64999479055405,,701.91098812222481
fire,720 (39),./Instancesv2_round/sippv2/fixlen4/30noon/p05[count=350],226.21520149707794,150.91199350357056,160.03599828481674,168.14299477636814,177.62699979543686,882.93318785727024
fire,720 (39),./Instancesv2_round/sippv2/fixlen4/30noon/p02[count=350],229.16880160570145,150.91199350357056,,,,380.08079510927201
fire,720 (39),./Instancesv2_round/sippv2/fixlen4/30noon/p01[count=350],223.93660166859627,,,,,223.93660166859627
fire,720 (39),./Instancesv2_round/sippv2/fixlen4/30eve/p03[count=350],162.49100175499916,140.54399394989014,146.77519845962524,,,449.81019416451454
fire,720 (39),./Instancesv2_round/sippv2/fixlen4/30eve/p04[count=350],162.49100175499916,140.54399394989014,141.8581984937191,142.09399558603764,,586.98718978464604
fire,720 (39),./Instancesv2_round/sippv2/fixlen4/30eve/p05[count=350],162.49100175499916,139.96799397468567,146.77519845962524,143.4699955433607,159.7339997291565,752.43818946182727
fire,720 (39),./Instancesv2_round/sippv2/fixlen4/30eve/p02[count=350],162.49100175499916,139.96799397468567,,,,302.45899572968483
fire,720 (39),./Instancesv2_round/sippv2/fixlen4/30eve/p01[count=350],161.83500173687935,,,,,161.83500173687935
fire,780 (31),./Instancesv2_round/sippv2/fixlen4/30morn/p03[count=350],87.95080041885376,71.99999690055847,81.89179906249046,,,241.84259638190269
fire,780 (31),./Instancesv2_round/sippv2/fixlen4/30morn/p04[count=350],87.95080041885376,71.99999690055847,80.99779906868935,75.44799765944481,,316.39659404754639
fire,780 (31),./Instancesv2_round/sippv2/fixlen4/30morn/p05[count=350],86.70080041885376,71.423996925354,78.76279908418655,73.4709977209568,76.86700004339218,387.22559419274329
fire,780 (31),./Instancesv2_round/sippv2/fixlen4/30morn/p02[count=350],87.95080041885376,71.99999690055847,,,,159.95079731941223
fire,780 (31),./Instancesv2_round/sippv2/fixlen4/30morn/p01[count=350],90.20080041885376,,,,,90.20080041885376
fire,780 (31),./Instancesv2_round/sippv2/fixlen4/26morn/p03[count=350],207.09540179371834,158.9759931564331,166.28219810128212,,,532.35359305143356
fire,780 (31),./Instancesv2_round/sippv2/fixlen4/26morn/p04[count=350],207.09540179371834,157.82399320602417,165.73199808597565,151.6019952893257,,682.25338837504386
fire,780 (31),./Instancesv2_round/sippv2/fixlen4/26morn/p05[count=350],208.76580175757408,154.94399333000183,159.71459808945656,149.97299534082413,160.2069999575615,833.60438847541810
fire,780 (31),./Instancesv2_round/sippv2/fixlen4/26morn/p02[count=350],207.09540179371834,155.5199933052063,,,,362.61539509892464
fire,780 (31),./Instancesv2_round/sippv2/fixlen4/26morn/p01[count=350],208.76580175757408,,,,,208.76580175757408
fire,780 (31),./Instancesv2_round/sippv2/fixlen4/muse/p03[count=350],210.53899493813515,145.7679944038391,182.7040016055107,,,539.01099094748495
fire,780 (31),./Instancesv2_round/sippv2/fixlen4/muse/p04[count=350],210.4519948810339,145.7679944038391,182.7040016055107,306.1219913959503,,845.0459822863340
fire,780 (31),./Instancesv2_round/sippv2/fixlen4/muse/p05[count=350],215.21599479019642,149.21899431943893,188.30800169706345,311.8689912557602,346.8969996571541,1211.50898171961310
fire,780 (31),./Instancesv2_round/sippv2/fixlen4/muse/p02[count=350],209.71899493038654,139.24699467420578,,,,348.96598960459232
fire,780 (31),./Instancesv2_round/sippv2/fixlen4/muse/p01[count=350],208.591994702816,,,,,208.591994702816
fire,780 (31),./Instancesv2_round/sippv2/fixlen4/26eve/p03[count=350],233.4436013698578,149.18399357795715,161.29619804024696,,,543.92379298806191
fire,780 (31),./Instancesv2_round/sippv2/fixlen4/26eve/p04[count=350],237.05280196666718,153.21599340438843,164.42519801855087,161.83499497175217,,716.52898836135865
fire,780 (31),./Instancesv2_round/sippv2/fixlen4/26eve/p05[count=350],226.69660195708275,152.0639934539795,165.2849980890751,168.3459947705269,207.0539996623993,919.44558793306355
fire,780 (31),./Instancesv2_round/sippv2/fixlen4/26eve/p02[count=350],229.79220166802406,150.91199350357056,,,,380.70419517159462
fire,780 (31),./Instancesv2_round/sippv2/fixlen4/26eve/p01[count=350],233.6568016409874,,,,,233.6568016409874
fire,780 (31),./Instancesv2_round/sippv2/fixlen4/26noon/p03[count=350],245.49320113658905,157.82399320602417,162.83239817619324,,,566.14959251880646
fire,780 (31),./Instancesv2_round/sippv2/fixlen4/26noon/p04[count=350],241.9900016784668,152.63999342918396,161.044398188591,159.1489950567484,,714.82338835299016
fire,780 (31),./Instancesv2_round/sippv2/fixlen4/26noon/p05[count=350],242.32120144367218,152.0639934539795,162.83239817619324,163.7619949132204,185.98199951648712,906.96158750355244
fire,780 (31),./Instancesv2_round/sippv2/fixlen4/26noon/p02[count=350],246.14920115470886,156.09599328041077,,,,402.24519443511963
fire,780 (31),./Instancesv2_round/sippv2/fixlen4/26noon/p01[count=350],243.3166011273861,,,,,243.3166011273861
fire,780 (31),./Instancesv2_round/sippv2/fixlen4/30noon/p03[count=350],243.54860159754753,162.4319930076599,165.96139815449715,,,571.94199275970458
fire,780 (31),./Instancesv2_round/sippv2/fixlen4/30noon/p04[count=350],243.8368015885353,162.4319930076599,165.96139815449715,172.61099463701248,,744.84118738770483
fire,780 (31),./Instancesv2_round/sippv2/fixlen4/30noon/p05[count=350],245.31920158863068,164.15999293327332,167.74939814209938,175.79799453914165,192.81199979782104,945.83858700096607
fire,780 (31),./Instancesv2_round/sippv2/fixlen4/30noon/p02[count=350],248.678801715374,163.58399295806885,,,,412.26279467344285
fire,780 (31),./Instancesv2_round/sippv2/fixlen4/30noon/p01[count=350],241.72860172390938,,,,,241.72860172390938
fire,780 (31),./Instancesv2_round/sippv2/fixlen4/30eve/p03[count=350],179.3576020002365,151.48799347877502,155.03879833221436,,,485.88439381122588
fire,780 (31),./Instancesv2_round/sippv2/fixlen4/30eve/p04[count=350],179.3576020002365,151.48799347877502,152.80379834771156,151.15399530529976,,634.80338913202284
fire,780 (31),./Instancesv2_round/sippv2/fixlen4/30eve/p05[count=350],179.3576020002365,153.21599340438843,155.03879833221436,153.18899524211884,162.79399967193604,803.59538865089417
fire,780 (31),./Instancesv2_round/sippv2/fixlen4/30eve/p02[count=350],179.3576020002365,153.21599340438843,,,,332.57359540462493
fire,780 (31),./Instancesv2_round/sippv2/fixlen4/30eve/p01[count=350],178.2956019639969,,,,,178.2956019639969
fire,840 (31),./Instancesv2_round/sippv2/fixlen4/30morn/p03[count=350],95.89180037379265,78.91199660301208,91.72579899430275,,,266.52959597110748
fire,840 (31),./Instancesv2_round/sippv2/fixlen4/30morn/p04[count=350],95.89180037379265,78.91199660301208,91.72579899430275,84.18899738788605,,350.71859335899353
fire,840 (31),./Instancesv2_round/sippv2/fixlen4/30morn/p05[count=350],93.39180037379265,76.03199672698975,89.3073990046978,83.52999740839005,87.57900005578995,429.84019356966020
fire,840 (31),./Instancesv2_round/sippv2/fixlen4/30morn/p02[count=350],95.89180037379265,78.91199660301208,,,,174.80379697680473
fire,840 (31),./Instancesv2_round/sippv2/fixlen4/30morn/p01[count=350],97.39180037379265,,,,,97.39180037379265
fire,840 (31),./Instancesv2_round/sippv2/fixlen4/26morn/p03[count=350],224.90640211105347,173.95199251174927,175.17619797587395,,,574.03459259867669
fire,840 (31),./Instancesv2_round/sippv2/fixlen4/26morn/p04[count=350],224.90640211105347,165.88799285888672,174.44259795546532,167.10699480772018,,732.34398773312569
fire,840 (31),./Instancesv2_round/sippv2/fixlen4/26morn/p05[count=350],224.90640211105347,163.00799298286438,172.24179789423943,166.1369948387146,177.03999996185303,903.33318778872491
fire,840 (31),./Instancesv2_round/sippv2/fixlen4/26morn/p02[count=350],224.90640211105347,168.76799273490906,,,,393.67439484596253
fire,840 (31),./Instancesv2_round/sippv2/fixlen4/26morn/p01[count=350],224.90640211105347,,,,,224.90640211105347
fire,840 (31),./Instancesv2_round/sippv2/fixlen4/muse/p03[count=350],230.13799445331097,156.46399402618408,193.92000168561935,,,580.52199016511440
fire,840 (31),./Instancesv2_round/sippv2/fixlen4/muse/p04[count=350],230.2009943574667,156.46399402618408,193.92000168561935,320.5369910001755,,901.12198106944563
fire,840 (31),./Instancesv2_round/sippv2/fixlen4/muse/p05[count=350],233.82699432969093,162.1449938416481,199.5240017771721,326.28399085998535,365.9659996032715,1287.74598041176798
fire,840 (31),./Instancesv2_round/sippv2/fixlen4/muse/p02[count=350],228.61699441075325,154.5719940662384,,,,383.18898847699165
fire,840 (31),./Instancesv2_round/sippv2/fixlen4/muse/p01[count=350],228.19099421799183,,,,,228.19099421799183
fire,840 (31),./Instancesv2_round/sippv2/fixlen4/26eve/p03[count=350],248.05580136179924,161.27999305725098,172.1385978758335,,,581.47439229488372
fire,840 (31),./Instancesv2_round/sippv2/fixlen4/26eve/p04[count=350],252.24460199475288,164.15999293327332,175.61139783263206,171.0609946846962,,763.07698744535446
fire,840 (31),./Instancesv2_round/sippv2/fixlen4/26eve/p05[count=350],241.38840198516846,167.03999280929565,176.12739792466164,172.2999946475029,212.9389995932579,969.79478695988655
fire,840 (31),./Instancesv2_round/sippv2/fixlen4/26eve/p02[count=350],247.92320185899734,160.12799310684204,,,,408.05119496583938
fire,840 (31),./Instancesv2_round/sippv2/fixlen4/26eve/p01[count=350],251.78780183196068,,,,,251.78780183196068
fire,840 (31),./Instancesv2_round/sippv2/fixlen4/26noon/p03[count=350],262.078001499176,168.1919927597046,171.72639805078506,,,601.99639230966566
fire,840 (31),./Instancesv2_round/sippv2/fixlen4/26noon/p04[count=350],258.4952020049095,165.31199288368225,169.57159805297852,175.37099455296993,,768.74978749454020
fire,840 (31),./Instancesv2_round/sippv2/fixlen4/26noon/p05[count=350],260.6240018606186,168.1919927597046,171.72639805078506,176.05899453163147,199.1659995317459,975.76738673448563
fire,840 (31),./Instancesv2_round/sippv2/fixlen4/26noon/p02[count=350],260.2660014629364,165.31199288368225,,,,425.57799434661865
fire,840 (31),./Instancesv2_round/sippv2/fixlen4/26noon/p01[count=350],255.54500141739845,,,,,255.54500141739845
fire,840 (31),./Instancesv2_round/sippv2/fixlen4/30noon/p03[count=350],255.74860152602196,176.8319923877716,182.5003980398178,,,615.08099195361136
fire,840 (31),./Instancesv2_round/sippv2/fixlen4/30noon/p04[count=350],255.38080149888992,176.8319923877716,182.5003980398178,183.81399428844452,,798.52718621492384
fire,840 (31),./Instancesv2_round/sippv2/fixlen4/30noon/p05[count=350],257.2310015261173,178.559992313385,184.28839802742004,186.3419942110777,204.58299976587296,1011.00438584387300
fire,840 (31),./Instancesv2_round/sippv2/fixlen4/30noon/p02[count=350],260.4728016257286,177.98399233818054,,,,438.45679396390914
fire,840 (31),./Instancesv2_round/sippv2/fixlen4/30noon/p01[count=350],253.522601634264,,,,,253.522601634264
fire,840 (31),./Instancesv2_round/sippv2/fixlen4/30eve/p03[count=350],193.37420228123665,160.7039930820465,169.34279823303223,,,523.42099359631538
fire,840 (31),./Instancesv2_round/sippv2/fixlen4/30eve/p04[count=350],193.37420228123665,160.7039930820465,167.10779824852943,156.4549951404333,,677.64098875224588
fire,840 (31),./Instancesv2_round/sippv2/fixlen4/30eve/p05[count=350],193.37420228123665,158.39999318122864,169.34279823303223,159.1489950567484,178.44999969005585,858.71598844230177
fire,840 (31),./Instancesv2_round/sippv2/fixlen4/30eve/p02[count=350],193.37420228123665,158.39999318122864,,,,351.77419546246529
fire,840 (31),./Instancesv2_round/sippv2/fixlen4/30eve/p01[count=350],193.37420228123665,,,,,193.37420228123665
fire,900 (27),./Instancesv2_round/sippv2/fixlen4/30morn/p03[count=350],101.07460042834282,82.36799645423889,98.04099890589714,,,281.48359578847885
fire,900 (27),./Instancesv2_round/sippv2/fixlen4/30morn/p04[count=350],101.07460042834282,82.36799645423889,98.04099890589714,91.27199716866016,,372.75559295713901
fire,900 (27),./Instancesv2_round/sippv2/fixlen4/30morn/p05[count=350],97.16860041022301,79.48799657821655,95.35899892449379,89.23699723184109,92.523000061512,453.77559320628644
fire,900 (27),./Instancesv2_round/sippv2/fixlen4/30morn/p02[count=350],101.07460042834282,82.36799645423889,,,,183.44259688258171
fire,900 (27),./Instancesv2_round/sippv2/fixlen4/30morn/p01[count=350],102.57460042834282,,,,,102.57460042834282
fire,900 (27),./Instancesv2_round/sippv2/fixlen4/26morn/p03[count=350],234.82640194892883,184.3199920654297,189.6405978500843,,,608.78699186444283
fire,900 (27),./Instancesv2_round/sippv2/fixlen4/26morn/p04[count=350],234.82640194892883,182.01599216461182,188.90699782967567,172.27099464833736,,778.02038659155368
fire,900 (27),./Instancesv2_round/sippv2/fixlen4/26morn/p05[count=350],234.17040193080902,176.25599241256714,186.70619776844978,169.23699474334717,179.8649999499321,946.23458680510521
fire,900 (27),./Instancesv2_round/sippv2/fixlen4/26morn/p02[count=350],234.17040193080902,180.86399221420288,,,,415.03439414501190
fire,900 (27),./Instancesv2_round/sippv2/fixlen4/26morn/p01[count=350],234.17040193080902,,,,,234.17040193080902
fire,900 (27),./Instancesv2_round/sippv2/fixlen4/muse/p03[count=350],242.62299413979053,170.22499352693558,210.27000188827515,,,623.11798955500126
fire,900 (27),./Instancesv2_round/sippv2/fixlen4/muse/p04[count=350],242.09599404037,170.22499352693558,210.27000188827515,347.49599027633667,,970.08697973191740
fire,900 (27),./Instancesv2_round/sippv2/fixlen4/muse/p05[count=350],245.57199405133724,172.6719934940338,215.87400197982788,353.24299013614655,394.8059996366501,1382.16697929799557
fire,900 (27),./Instancesv2_round/sippv2/fixlen4/muse/p02[count=350],238.42699418962002,164.15299373865128,,,,402.57998792827130
fire,900 (27),./Instancesv2_round/sippv2/fixlen4/muse/p01[count=350],240.58099392056465,,,,,240.58099392056465
fire,900 (27),./Instancesv2_round/sippv2/fixlen4/26eve/p03[count=350],269.01460179686546,176.8319923877716,187.23339775204659,,,633.07999193668365
fire,900 (27),./Instancesv2_round/sippv2/fixlen4/26eve/p04[count=350],268.7404022216797,179.71199226379395,190.70619770884514,187.88399416208267,,827.04258635640146
fire,900 (27),./Instancesv2_round/sippv2/fixlen4/26eve/p05[count=350],256.4432022571564,176.25599241256714,191.2221978008747,189.12299412488937,227.18199956417084,1040.22638615965845
fire,900 (27),./Instancesv2_round/sippv2/fixlen4/26eve/p02[count=350],264.6370021402836,173.95199251174927,,,,438.58899465203287
fire,900 (27),./Instancesv2_round/sippv2/fixlen4/26eve/p01[count=350],268.7516021132469,,,,,268.7516021132469
fire,900 (27),./Instancesv2_round/sippv2/fixlen4/26noon/p03[count=350],273.6014014184475,175.67999243736267,185.92719793319702,,,635.20859178900719
fire,900 (27),./Instancesv2_round/sippv2/fixlen4/26noon/p04[count=350],272.0806019604206,175.1039924621582,183.69219794869423,175.77699454128742,,806.65378691256045
fire,900 (27),./Instancesv2_round/sippv2/fixlen4/26noon/p05[count=350],275.73000180721283,177.98399233818054,186.19079792499542,181.53399436175823,207.52299946546555,1028.96178589761257
fire,900 (27),./Instancesv2_round/sippv2/fixlen4/26noon/p02[count=350],277.1552015542984,177.98399233818054,,,,455.13919389247894
fire,900 (27),./Instancesv2_round/sippv2/fixlen4/26noon/p01[count=350],270.7544014453888,,,,,270.7544014453888
fire,900 (27),./Instancesv2_round/sippv2/fixlen4/30noon/p03[count=350],270.2030017077923,187.19999194145203,194.42019787430763,,,651.82319152355196
fire,900 (27),./Instancesv2_round/sippv2/fixlen4/30noon/p04[count=350],270.77940168976784,187.19999194145203,194.42019787430763,196.68299388885498,,849.08258539438248
fire,900 (27),./Instancesv2_round/sippv2/fixlen4/30noon/p05[count=350],271.43540170788765,188.92799186706543,196.20819786190987,198.55199383199215,212.2339997291565,1067.35758499801160
fire,900 (27),./Instancesv2_round/sippv2/fixlen4/30noon/p02[count=350],274.92720180749893,187.7759919166565,,,,462.70319372415543
fire,900 (27),./Instancesv2_round/sippv2/fixlen4/30noon/p01[count=350],267.9770018160343,,,,,267.9770018160343
fire,900 (27),./Instancesv2_round/sippv2/fixlen4/30eve/p03[count=350],201.29740217328072,172.22399258613586,180.5519980788231,,,554.07339283823968
fire,900 (27),./Instancesv2_round/sippv2/fixlen4/30eve/p04[count=350],201.29740217328072,172.22399258613586,175.1879981160164,169.4399947375059,,718.14938761293888
fire,900 (27),./Instancesv2_round/sippv2/fixlen4/30eve/p05[count=350],200.6414021551609,171.6479926109314,180.5519980788231,173.42299461364746,185.62999963760376,911.89438709616662
fire,900 (27),./Instancesv2_round/sippv2/fixlen4/30eve/p02[count=350],200.6414021551609,171.6479926109314,,,,372.2893947660923
fire,900 (27),./Instancesv2_round/sippv2/fixlen4/30eve/p01[count=350],200.6414021551609,,,,,200.6414021551609
